timeStamp,elapsed,label,responseCode,responseMessage,threadName,dataType,success,failureMessage,bytes,sentBytes,grpThreads,allThreads,Latency,IdleTime,Connect
1516734853559,758,HTTP Request,200,OK,Thread Group 1-9,text,true,,112273,117,83,83,598,0,252
1516734853513,808,HTTP Request,200,OK,Thread Group 1-5,text,true,,112266,117,83,83,641,0,296
1516734853559,851,HTTP Request,200,OK,Thread Group 1-10,text,true,,112273,117,91,91,623,0,260
1516734853621,890,HTTP Request,200,OK,Thread Group 1-14,text,true,,112273,117,100,100,697,0,264
1516734853695,827,HTTP Request,200,OK,Thread Group 1-21,text,true,,112272,117,100,100,627,0,266
1516734853667,896,HTTP Request,200,OK,Thread Group 1-19,text,true,,112273,117,100,100,633,0,248
1516734853621,946,HTTP Request,200,OK,Thread Group 1-15,text,true,,112273,117,100,100,690,0,260
1516734853528,1041,HTTP Request,200,OK,Thread Group 1-6,text,true,,112271,117,100,100,671,0,291
1516734853497,1076,HTTP Request,200,OK,Thread Group 1-3,text,true,,112273,117,100,100,702,0,312
1516734853750,828,HTTP Request,200,OK,Thread Group 1-27,text,true,,112271,117,100,100,631,0,262
1516734853487,1176,HTTP Request,200,OK,Thread Group 1-1,text,true,,112272,117,100,100,729,0,353
1516734853796,875,HTTP Request,200,OK,Thread Group 1-32,text,true,,112266,117,100,100,599,0,255
1516734853827,846,HTTP Request,200,OK,Thread Group 1-35,text,true,,112273,117,100,100,607,0,264
1516734853513,1162,HTTP Request,200,OK,Thread Group 1-4,text,true,,112273,117,100,100,695,0,325
1516734853750,935,HTTP Request,200,OK,Thread Group 1-28,text,true,,112266,117,100,100,612,0,262
1516734853735,952,HTTP Request,200,OK,Thread Group 1-26,text,true,,112273,117,100,100,656,0,259
1516734853544,1147,HTTP Request,200,OK,Thread Group 1-8,text,true,,112273,117,100,100,662,0,265
1516734853858,833,HTTP Request,200,OK,Thread Group 1-39,text,true,,112273,117,100,100,609,0,259
1516734853868,825,HTTP Request,200,OK,Thread Group 1-40,text,true,,112273,117,100,100,627,0,264
1516734853813,881,HTTP Request,200,OK,Thread Group 1-33,text,true,,112273,117,100,100,593,0,246
1516734853899,801,HTTP Request,200,OK,Thread Group 1-43,text,true,,112273,117,100,100,628,0,252
1516734853606,1095,HTTP Request,200,OK,Thread Group 1-13,text,true,,112272,117,100,100,633,0,275
1516734853766,936,HTTP Request,200,OK,Thread Group 1-29,text,true,,112273,117,100,100,630,0,267
1516734853637,1068,HTTP Request,200,OK,Thread Group 1-16,text,true,,112271,117,100,100,633,0,264
1516734853897,823,HTTP Request,200,OK,Thread Group 1-42,text,true,,112273,117,100,100,617,0,276
1516734853637,1110,HTTP Request,200,OK,Thread Group 1-17,text,true,,112273,117,100,100,633,0,270
1516734853939,819,HTTP Request,200,OK,Thread Group 1-47,text,true,,112266,117,100,100,739,0,272
1516734853544,1220,HTTP Request,200,OK,Thread Group 1-7,text,true,,112272,117,100,100,713,0,264
1516734853816,957,HTTP Request,200,OK,Thread Group 1-34,text,true,,112271,117,100,100,602,0,253
1516734853703,1071,HTTP Request,200,OK,Thread Group 1-23,text,true,,112273,117,100,100,626,0,271
1516734853781,1025,HTTP Request,200,OK,Thread Group 1-30,text,true,,112273,117,100,100,631,0,260
1516734853664,1151,HTTP Request,200,OK,Thread Group 1-18,text,true,,112273,117,100,100,619,0,254
1516734854326,497,HTTP Request,200,OK,Thread Group 1-9,text,true,,112272,117,100,100,370,0,0
1516734853780,1051,HTTP Request,200,OK,Thread Group 1-31,text,true,,112273,117,100,100,634,0,271
1516734853999,838,HTTP Request,200,OK,Thread Group 1-52,text,true,,112266,117,100,100,667,0,269
1516734853691,1149,HTTP Request,200,OK,Thread Group 1-22,text,true,,112273,117,100,100,638,0,253
1516734854032,831,HTTP Request,200,OK,Thread Group 1-55,text,true,,112273,117,100,100,669,0,278
1516734853984,888,HTTP Request,200,OK,Thread Group 1-50,text,true,,112264,117,100,100,721,0,270
1516734853718,1159,HTTP Request,200,OK,Thread Group 1-24,text,true,,112271,117,100,100,625,0,279
1516734854325,566,HTTP Request,200,OK,Thread Group 1-5,text,true,,112273,117,100,100,381,0,0
1516734853878,1030,HTTP Request,200,OK,Thread Group 1-41,text,true,,112273,117,100,100,624,0,258
1516734853847,1134,HTTP Request,200,OK,Thread Group 1-36,text,true,,112273,117,100,100,617,0,253
1516734853950,1048,HTTP Request,200,OK,Thread Group 1-48,text,true,,112273,117,100,100,727,0,250
1516734854166,850,HTTP Request,200,OK,Thread Group 1-69,text,true,,112271,117,100,100,645,0,275
1516734854118,901,HTTP Request,200,OK,Thread Group 1-64,text,true,,112272,117,100,100,695,0,275
1516734853681,1347,HTTP Request,200,OK,Thread Group 1-20,text,true,,112273,117,100,100,727,0,283
1516734854410,636,HTTP Request,200,OK,Thread Group 1-10,text,true,,112273,117,100,100,363,0,0
1516734854079,984,HTTP Request,200,OK,Thread Group 1-61,text,true,,112271,117,100,100,623,0,256
1516734854071,992,HTTP Request,200,OK,Thread Group 1-60,text,true,,112273,117,100,100,659,0,276
1516734854046,1093,HTTP Request,200,OK,Thread Group 1-56,text,true,,112273,117,100,100,652,0,256
1516734854511,644,HTTP Request,200,OK,Thread Group 1-14,text,true,,112271,117,100,100,399,0,0
1516734854563,604,HTTP Request,200,OK,Thread Group 1-19,text,true,,112273,117,100,100,424,0,0
1516734853909,1267,HTTP Request,200,OK,Thread Group 1-44,text,true,,112273,117,100,100,818,0,452
1516734854568,659,HTTP Request,200,OK,Thread Group 1-15,text,true,,112273,117,100,100,348,0,0
1516734854231,1014,HTTP Request,200,OK,Thread Group 1-76,text,true,,112273,117,100,100,661,0,301
1516734854277,969,HTTP Request,200,OK,Thread Group 1-80,text,true,,112273,117,100,100,692,0,281
1516734854691,577,HTTP Request,200,OK,Thread Group 1-39,text,true,,112273,117,100,100,340,0,0
1516734854262,1007,HTTP Request,200,OK,Thread Group 1-79,text,true,,112273,117,100,100,610,0,263
1516734854132,1148,HTTP Request,200,OK,Thread Group 1-66,text,true,,112271,117,100,100,622,0,262
1516734854674,625,HTTP Request,200,OK,Thread Group 1-35,text,true,,112273,117,100,100,375,0,0
1516734853590,1728,HTTP Request,200,OK,Thread Group 1-12,text,true,,112273,117,100,100,1430,0,260
1516734853999,1323,HTTP Request,200,OK,Thread Group 1-53,text,true,,112273,117,100,100,698,0,275
1516734854759,586,HTTP Request,200,OK,Thread Group 1-47,text,true,,112273,117,100,100,409,0,0
1516734854225,1122,HTTP Request,200,OK,Thread Group 1-75,text,true,,112264,117,100,100,599,0,254
1516734854105,1262,HTTP Request,200,OK,Thread Group 1-62,text,true,,112273,117,100,100,621,0,278
1516734854693,678,HTTP Request,200,OK,Thread Group 1-40,text,true,,112273,117,100,100,390,0,0
1516734854720,652,HTTP Request,200,OK,Thread Group 1-42,text,true,,112272,117,100,100,360,0,0
1516734854863,522,HTTP Request,200,OK,Thread Group 1-55,text,true,,112273,117,100,100,386,0,0
1516734854686,703,HTTP Request,200,OK,Thread Group 1-28,text,true,,112272,117,100,100,424,0,0
1516734854872,533,HTTP Request,200,OK,Thread Group 1-50,text,true,,112273,117,100,100,453,0,0
1516734854824,584,HTTP Request,200,OK,Thread Group 1-9,text,true,,112273,117,100,100,409,0,0
1516734854891,531,HTTP Request,200,OK,Thread Group 1-5,text,true,,112273,117,100,100,430,0,0
1516734854342,1097,HTTP Request,200,OK,Thread Group 1-87,text,true,,112271,117,100,100,673,0,328
1516734854773,684,HTTP Request,200,OK,Thread Group 1-34,text,true,,112272,117,100,100,353,0,0
1516734854294,1166,HTTP Request,200,OK,Thread Group 1-81,text,true,,112273,117,100,100,631,0,268
1516734854806,669,HTTP Request,200,OK,Thread Group 1-30,text,true,,112273,117,100,100,400,0,0
1516734854180,1298,HTTP Request,200,OK,Thread Group 1-70,text,true,,112273,117,100,100,703,0,283
1516734854201,1290,HTTP Request,200,OK,Thread Group 1-73,text,true,,112271,117,100,100,665,0,262
1516734854326,1172,HTTP Request,200,OK,Thread Group 1-85,text,true,,112273,117,100,100,711,0,335
1516734854687,815,HTTP Request,200,OK,Thread Group 1-26,text,true,,112273,117,100,100,469,0,0
1516734854908,616,HTTP Request,200,OK,Thread Group 1-41,text,true,,112272,117,100,100,354,0,0
1516734853851,1679,HTTP Request,200,OK,Thread Group 1-38,text,true,,112266,117,100,100,612,0,255
1516734854262,1274,HTTP Request,200,OK,Thread Group 1-78,text,true,,112272,117,100,100,655,0,293
1516734854105,1434,HTTP Request,200,OK,Thread Group 1-63,text,true,,112273,117,100,100,656,0,262
1516734854140,1399,HTTP Request,200,OK,Thread Group 1-67,text,true,,112273,117,100,100,601,0,258
1516734855020,522,HTTP Request,200,OK,Thread Group 1-64,text,true,,112271,117,100,100,416,0,0
1516734854774,775,HTTP Request,200,OK,Thread Group 1-23,text,true,,112271,117,100,100,364,0,0
1516734854675,874,HTTP Request,200,OK,Thread Group 1-4,text,true,,112266,117,100,100,349,0,0
1516734853984,1567,HTTP Request,200,OK,Thread Group 1-51,text,true,,112273,117,100,100,678,0,273
1516734853919,1633,HTTP Request,200,OK,Thread Group 1-45,text,true,,112272,117,100,100,1444,0,264
1516734854353,1201,HTTP Request,200,OK,Thread Group 1-88,text,true,,112273,117,100,100,732,0,309
1516734854578,980,HTTP Request,200,OK,Thread Group 1-27,text,true,,112273,117,100,100,437,0,0
1516734854363,1203,HTTP Request,200,OK,Thread Group 1-89,text,true,,112266,117,100,100,701,0,299
1516734854706,870,HTTP Request,200,OK,Thread Group 1-16,text,true,,112271,117,100,100,408,0,0
1516734854412,1173,HTTP Request,200,OK,Thread Group 1-91,text,true,,112266,117,100,100,665,0,282
1516734854694,903,HTTP Request,200,OK,Thread Group 1-33,text,true,,112273,117,100,100,380,0,0
1516734854701,901,HTTP Request,200,OK,Thread Group 1-13,text,true,,112266,117,100,100,408,0,0
1516734853930,1679,HTTP Request,200,OK,Thread Group 1-46,text,true,,112273,117,100,100,634,0,249
1516734854015,1600,HTTP Request,200,OK,Thread Group 1-54,text,true,,112273,117,100,100,986,0,332
1516734854747,870,HTTP Request,200,OK,Thread Group 1-17,text,true,,112273,117,100,100,419,0,0
1516734854243,1376,HTTP Request,200,OK,Thread Group 1-77,text,true,,112273,117,100,100,609,0,254
1516734854574,1063,HTTP Request,200,OK,Thread Group 1-3,text,true,,112271,117,100,100,351,0,0
1516734854569,1076,HTTP Request,200,OK,Thread Group 1-6,text,true,,112272,117,100,100,403,0,0
1516734854877,797,HTTP Request,200,OK,Thread Group 1-24,text,true,,112264,117,100,100,392,0,0
1516734854059,1616,HTTP Request,200,OK,Thread Group 1-59,text,true,,112273,117,100,100,624,0,261
1516734855063,615,HTTP Request,200,OK,Thread Group 1-60,text,true,,112271,117,100,100,368,0,0
1516734854435,1249,HTTP Request,200,OK,Thread Group 1-96,text,true,,112273,117,100,100,619,0,260
1516734855155,529,HTTP Request,200,OK,Thread Group 1-14,text,true,,112273,117,100,100,383,0,0
1516734854840,848,HTTP Request,200,OK,Thread Group 1-22,text,true,,112273,117,100,100,359,0,0
1516734855268,457,HTTP Request,200,OK,Thread Group 1-39,text,true,,112273,117,100,100,380,0,0
1516734854475,1258,HTTP Request,200,OK,Thread Group 1-99,text,true,,112266,117,100,100,725,0,355
1516734855046,702,HTTP Request,200,OK,Thread Group 1-10,text,true,,112273,117,100,100,441,0,0
1516734855227,524,HTTP Request,200,OK,Thread Group 1-15,text,true,,112273,117,100,100,403,0,0
1516734853844,1910,HTTP Request,200,OK,Thread Group 1-37,text,true,,112265,117,100,100,1422,0,271
1516734855063,691,HTTP Request,200,OK,Thread Group 1-61,text,true,,112273,117,100,100,352,0,0
1516734854702,1061,HTTP Request,200,OK,Thread Group 1-29,text,true,,112273,117,100,100,533,0,0
1516734854465,1303,HTTP Request,200,OK,Thread Group 1-97,text,true,,112273,117,100,100,741,0,373
1516734854465,1317,HTTP Request,200,OK,Thread Group 1-98,text,true,,112273,117,100,100,775,0,264
1516734854211,1571,HTTP Request,200,OK,Thread Group 1-74,text,true,,112266,117,100,100,1414,0,259
1516734854177,1618,HTTP Request,200,OK,Thread Group 1-68,text,true,,112264,117,100,100,1408,0,256
1516734854522,1289,HTTP Request,200,OK,Thread Group 1-21,text,true,,112266,117,100,100,1137,0,0
1516734854197,1617,HTTP Request,200,OK,Thread Group 1-71,text,true,,112273,117,100,100,874,0,513
1516734853968,1846,HTTP Request,200,OK,Thread Group 1-49,text,true,,112273,117,100,100,969,0,595
1516734854816,999,HTTP Request,200,OK,Thread Group 1-18,text,true,,112273,117,100,100,371,0,0
1516734854053,1786,HTTP Request,200,OK,Thread Group 1-58,text,true,,112273,117,100,100,655,0,269
1516734855167,724,HTTP Request,200,OK,Thread Group 1-19,text,true,,112271,117,100,100,371,0,0
1516734855318,585,HTTP Request,200,OK,Thread Group 1-12,text,true,,112273,117,100,100,405,0,0
1516734855372,536,HTTP Request,200,OK,Thread Group 1-42,text,true,,112273,117,100,100,394,0,0
1516734855422,486,HTTP Request,200,OK,Thread Group 1-5,text,true,,112271,117,100,100,355,0,0
1516734853575,2351,HTTP Request,200,OK,Thread Group 1-11,text,true,,112266,117,100,100,1422,0,259
1516734854413,1515,HTTP Request,200,OK,Thread Group 1-92,text,true,,112273,117,100,100,686,0,290
1516734855372,563,HTTP Request,200,OK,Thread Group 1-40,text,true,,112272,117,100,100,441,0,0
1516734855386,550,HTTP Request,200,OK,Thread Group 1-55,text,true,,112273,117,100,100,423,0,0
1516734854664,1274,HTTP Request,200,OK,Thread Group 1-1,text,true,,112271,117,100,100,369,0,0
1516734854764,1175,HTTP Request,200,OK,Thread Group 1-7,text,true,,112272,117,100,100,430,0,0
1516734855176,766,HTTP Request,200,OK,Thread Group 1-44,text,true,,112272,117,100,100,357,0,0
1516734855405,539,HTTP Request,200,OK,Thread Group 1-50,text,true,,112273,117,100,100,416,0,0
1516734853718,2235,HTTP Request,200,OK,Thread Group 1-25,text,true,,112265,117,100,100,1424,0,269
1516734855345,612,HTTP Request,200,OK,Thread Group 1-47,text,true,,112273,117,100,100,366,0,0
1516734854384,1580,HTTP Request,200,OK,Thread Group 1-90,text,true,,112273,117,100,100,666,0,311
1516734855246,750,HTTP Request,200,OK,Thread Group 1-80,text,true,,112273,117,100,100,382,0,0
1516734854295,1702,HTTP Request,200,OK,Thread Group 1-82,text,true,,112273,117,100,100,610,0,264
1516734853487,2520,HTTP Request,200,OK,Thread Group 1-2,text,true,,112265,117,100,100,1495,0,341
1516734854999,1020,HTTP Request,200,OK,Thread Group 1-48,text,true,,112273,117,100,100,348,0,0
1516734854417,1618,HTTP Request,200,OK,Thread Group 1-94,text,true,,112266,117,100,100,931,0,295
1516734855543,494,HTTP Request,200,OK,Thread Group 1-64,text,true,,112273,117,100,100,362,0,0
1516734855552,491,HTTP Request,200,OK,Thread Group 1-45,text,true,,112272,117,100,100,373,0,0
1516734855347,697,HTTP Request,200,OK,Thread Group 1-75,text,true,,112271,117,100,100,411,0,0
1516734854700,1439,HTTP Request,200,OK,Thread Group 1-43,text,true,,112266,117,100,100,1168,0,0
1516734854046,2094,HTTP Request,200,OK,Thread Group 1-57,text,true,,112273,117,100,100,1448,0,279
1516734854314,1828,HTTP Request,200,OK,Thread Group 1-83,text,true,,112273,117,100,100,787,0,252
1516734855140,1012,HTTP Request,200,OK,Thread Group 1-56,text,true,,112271,117,100,100,389,0,0
1516734854837,1320,HTTP Request,200,OK,Thread Group 1-52,text,true,,112271,117,100,100,1174,0,0
1516734854671,1488,HTTP Request,200,OK,Thread Group 1-32,text,true,,112266,117,100,100,1158,0,0
1516734855408,757,HTTP Request,200,OK,Thread Group 1-9,text,true,,112273,117,100,100,389,0,0
1516734855525,646,HTTP Request,200,OK,Thread Group 1-41,text,true,,112272,117,100,100,426,0,0
1516734854340,1833,HTTP Request,200,OK,Thread Group 1-86,text,true,,112273,117,100,100,799,0,325
1516734854489,1692,HTTP Request,200,OK,Thread Group 1-100,text,true,,112266,117,100,100,1486,0,331
1516734855246,939,HTTP Request,200,OK,Thread Group 1-76,text,true,,112271,117,100,100,705,0,0
1516734855725,516,HTTP Request,200,OK,Thread Group 1-39,text,true,,112272,117,100,100,420,0,0
1516734855269,993,HTTP Request,200,OK,Thread Group 1-79,text,true,,112273,117,100,100,365,0,0
1516734855597,687,HTTP Request,200,OK,Thread Group 1-33,text,true,,112273,117,100,100,386,0,0
1516734855476,815,HTTP Request,200,OK,Thread Group 1-30,text,true,,112271,117,100,100,468,0,0
1516734855502,791,HTTP Request,200,OK,Thread Group 1-26,text,true,,112272,117,100,100,393,0,0
1516734855016,1290,HTTP Request,200,OK,Thread Group 1-69,text,true,,112265,117,100,100,1167,0,0
1516734855550,787,HTTP Request,200,OK,Thread Group 1-4,text,true,,112266,117,100,100,592,0,108
1516734855028,1312,HTTP Request,200,OK,Thread Group 1-20,text,true,,112272,117,100,100,392,0,0
1516734855795,560,HTTP Request,200,OK,Thread Group 1-68,text,true,,112273,117,100,100,387,0,0
1516734855678,681,HTTP Request,200,OK,Thread Group 1-60,text,true,,112273,117,100,100,477,0,0
1516734855440,943,HTTP Request,200,OK,Thread Group 1-87,text,true,,112273,117,100,100,402,0,0
1516734855783,609,HTTP Request,200,OK,Thread Group 1-74,text,true,,112273,117,100,100,404,0,0
1516734854832,1562,HTTP Request,200,OK,Thread Group 1-31,text,true,,112273,117,100,100,1194,0,0
1516734855567,829,HTTP Request,200,OK,Thread Group 1-89,text,true,,112271,117,100,100,384,0,0
1516734855585,830,HTTP Request,200,OK,Thread Group 1-91,text,true,,112265,117,100,100,362,0,0
1516734855645,779,HTTP Request,200,OK,Thread Group 1-6,text,true,,112273,117,100,100,540,0,108
1516734854691,1738,HTTP Request,200,OK,Thread Group 1-8,text,true,,112273,117,100,100,1154,0,0
1516734855812,661,HTTP Request,200,OK,Thread Group 1-21,text,true,,112271,117,100,100,464,0,108
1516734855751,723,HTTP Request,200,OK,Thread Group 1-15,text,true,,112273,117,100,100,521,0,114
1516734855536,940,HTTP Request,200,OK,Thread Group 1-78,text,true,,112272,117,100,100,376,0,0
1516734855499,982,HTTP Request,200,OK,Thread Group 1-85,text,true,,112273,117,100,100,383,0,0
1516734855674,818,HTTP Request,200,OK,Thread Group 1-24,text,true,,112271,117,100,100,469,0,0
1516734855478,1014,HTTP Request,200,OK,Thread Group 1-70,text,true,,112273,117,100,100,363,0,0
1516734855688,847,HTTP Request,200,OK,Thread Group 1-22,text,true,,112273,117,100,100,458,0,0
1516734854120,2427,HTTP Request,200,OK,Thread Group 1-65,text,true,,112264,117,100,100,1420,0,258
1516734855637,928,HTTP Request,200,OK,Thread Group 1-3,text,true,,112273,117,100,100,699,0,304
1516734855558,1019,HTTP Request,200,OK,Thread Group 1-27,text,true,,112273,117,100,100,633,0,0
1516734855754,830,HTTP Request,200,OK,Thread Group 1-61,text,true,,112273,117,100,100,389,0,0
1516734855540,1045,HTTP Request,200,OK,Thread Group 1-67,text,true,,112273,117,100,100,358,0,0
1516734855280,1314,HTTP Request,200,OK,Thread Group 1-66,text,true,,112273,117,100,100,355,0,0
1516734855891,711,HTTP Request,200,OK,Thread Group 1-19,text,true,,112273,117,100,100,484,0,114
1516734855602,1000,HTTP Request,200,OK,Thread Group 1-13,text,true,,112273,117,100,100,549,0,0
1516734855909,714,HTTP Request,200,OK,Thread Group 1-42,text,true,,112273,117,100,100,506,0,113
1516734854425,2203,HTTP Request,200,OK,Thread Group 1-95,text,true,,112266,117,100,100,1478,0,321
1516734855936,696,HTTP Request,200,OK,Thread Group 1-55,text,true,,112273,117,100,100,398,0,0
1516734855609,1024,HTTP Request,200,OK,Thread Group 1-46,text,true,,112273,117,100,100,371,0,0
1516734855299,1336,HTTP Request,200,OK,Thread Group 1-35,text,true,,112266,117,100,100,1170,0,0
1516734855576,1075,HTTP Request,200,OK,Thread Group 1-16,text,true,,112273,117,100,100,458,0,0
1516734855903,773,HTTP Request,200,OK,Thread Group 1-12,text,true,,112273,117,100,100,493,0,110
1516734855554,1131,HTTP Request,200,OK,Thread Group 1-88,text,true,,112271,117,100,100,397,0,0
1516734855685,1008,HTTP Request,200,OK,Thread Group 1-14,text,true,,112273,117,100,100,508,0,111
1516734855957,758,HTTP Request,200,OK,Thread Group 1-47,text,true,,112265,117,100,100,561,0,194
1516734856181,535,HTTP Request,200,OK,Thread Group 1-100,text,true,,112273,117,100,100,417,0,0
1516734854981,1738,HTTP Request,200,OK,Thread Group 1-36,text,true,,112264,117,100,100,1159,0,0
1516734855944,793,HTTP Request,200,OK,Thread Group 1-50,text,true,,112266,117,100,100,553,0,0
1516734856043,695,HTTP Request,200,OK,Thread Group 1-45,text,true,,112272,117,100,100,518,0,156
1516734855909,830,HTTP Request,200,OK,Thread Group 1-5,text,true,,112273,117,100,100,464,0,109
1516734855935,805,HTTP Request,200,OK,Thread Group 1-40,text,true,,112273,117,100,100,491,0,110
1516734855815,934,HTTP Request,200,OK,Thread Group 1-18,text,true,,112271,117,100,100,524,0,111
1516734856045,706,HTTP Request,200,OK,Thread Group 1-75,text,true,,112273,117,100,100,431,0,0
1516734855460,1320,HTTP Request,200,OK,Thread Group 1-81,text,true,,112273,117,100,100,490,0,0
1516734855768,1036,HTTP Request,200,OK,Thread Group 1-97,text,true,,112273,117,100,100,410,0,0
1516734856019,787,HTTP Request,200,OK,Thread Group 1-48,text,true,,112271,117,100,100,599,0,181
1516734855754,1057,HTTP Request,200,OK,Thread Group 1-37,text,true,,112273,117,100,100,531,0,0
1516734855617,1203,HTTP Request,200,OK,Thread Group 1-17,text,true,,112273,117,100,100,538,0,0
1516734855367,1457,HTTP Request,200,OK,Thread Group 1-62,text,true,,112271,117,100,100,385,0,0
1516734855550,1275,HTTP Request,200,OK,Thread Group 1-23,text,true,,112273,117,100,100,484,0,0
1516734855939,891,HTTP Request,200,OK,Thread Group 1-7,text,true,,112273,117,100,100,636,0,225
1516734856038,795,HTTP Request,200,OK,Thread Group 1-64,text,true,,112273,117,100,100,551,0,0
1516734856152,695,HTTP Request,200,OK,Thread Group 1-56,text,true,,112273,117,100,100,486,0,103
1516734855675,1177,HTTP Request,200,OK,Thread Group 1-59,text,true,,112271,117,100,100,362,0,0
1516734855619,1243,HTTP Request,200,OK,Thread Group 1-77,text,true,,112271,117,100,100,345,0,0
1516734854326,2550,HTTP Request,200,OK,Thread Group 1-84,text,true,,112266,117,100,100,1820,0,587
1516734854415,2462,HTTP Request,200,OK,Thread Group 1-93,text,true,,112271,117,100,100,1434,0,282
1516734855615,1270,HTTP Request,200,OK,Thread Group 1-54,text,true,,112273,117,100,100,419,0,0
1516734856337,563,HTTP Request,200,OK,Thread Group 1-4,text,true,,112273,117,100,100,435,0,0
1516734856185,718,HTTP Request,200,OK,Thread Group 1-76,text,true,,112273,117,100,100,539,0,0
1516734855540,1363,HTTP Request,200,OK,Thread Group 1-63,text,true,,112273,117,100,100,414,0,0
1516734855996,912,HTTP Request,200,OK,Thread Group 1-80,text,true,,112273,117,100,100,459,0,0
1516734855814,1154,HTTP Request,200,OK,Thread Group 1-71,text,true,,112272,117,100,100,574,0,0
1516734855457,1519,HTTP Request,200,OK,Thread Group 1-34,text,true,,112273,117,100,100,419,0,0
1516734854198,2787,HTTP Request,200,OK,Thread Group 1-72,text,true,,112271,117,100,100,906,0,520
1516734856285,711,HTTP Request,200,OK,Thread Group 1-33,text,true,,112273,117,100,100,487,0,114
1516734855684,1317,HTTP Request,200,OK,Thread Group 1-96,text,true,,112273,117,100,100,459,0,0
1516734856140,867,HTTP Request,200,OK,Thread Group 1-43,text,true,,112273,117,100,100,474,0,114
1516734856171,853,HTTP Request,200,OK,Thread Group 1-41,text,true,,112272,117,100,100,469,0,104
1516734855763,1264,HTTP Request,200,OK,Thread Group 1-29,text,true,,112273,117,100,100,428,0,0
1516734855814,1218,HTTP Request,200,OK,Thread Group 1-49,text,true,,112272,117,100,100,376,0,0
1516734856007,1036,HTTP Request,200,OK,Thread Group 1-2,text,true,,112271,117,100,100,544,0,197
1516734856424,637,HTTP Request,200,OK,Thread Group 1-6,text,true,,112273,117,100,100,417,0,0
1516734855491,1573,HTTP Request,200,OK,Thread Group 1-73,text,true,,112272,117,100,100,359,0,0
1516734855390,1678,HTTP Request,200,OK,Thread Group 1-28,text,true,,112266,117,100,100,1180,0,0
1516734856474,596,HTTP Request,200,OK,Thread Group 1-21,text,true,,112273,117,100,100,396,0,0
1516734855965,1107,HTTP Request,200,OK,Thread Group 1-90,text,true,,112266,117,100,100,344,0,0
1516734855839,1236,HTTP Request,200,OK,Thread Group 1-58,text,true,,112266,117,100,100,543,0,0
1516734856355,723,HTTP Request,200,OK,Thread Group 1-68,text,true,,112272,117,100,100,476,0,115
1516734856359,728,HTTP Request,200,OK,Thread Group 1-60,text,true,,112273,117,100,100,483,0,111
1516734855997,1090,HTTP Request,200,OK,Thread Group 1-82,text,true,,112272,117,100,100,385,0,0
1516734856396,695,HTTP Request,200,OK,Thread Group 1-89,text,true,,112273,117,100,100,470,0,110
1516734856157,934,HTTP Request,200,OK,Thread Group 1-52,text,true,,112266,117,100,100,498,0,112
1516734856384,723,HTTP Request,200,OK,Thread Group 1-87,text,true,,112273,117,100,100,465,0,111
1516734856293,814,HTTP Request,200,OK,Thread Group 1-26,text,true,,112271,117,100,100,465,0,106
1516734856416,705,HTTP Request,200,OK,Thread Group 1-91,text,true,,112273,117,100,100,501,0,116
1516734856036,1103,HTTP Request,200,OK,Thread Group 1-94,text,true,,112273,117,100,100,366,0,0
1516734855322,1826,HTTP Request,200,OK,Thread Group 1-53,text,true,,112273,117,100,100,356,0,0
1516734855530,1621,HTTP Request,200,OK,Thread Group 1-38,text,true,,112273,117,100,100,357,0,0
1516734856159,1028,HTTP Request,200,OK,Thread Group 1-32,text,true,,112272,117,100,100,441,0,104
1516734856394,805,HTTP Request,200,OK,Thread Group 1-31,text,true,,112273,117,100,100,534,0,113
1516734856307,915,HTTP Request,200,OK,Thread Group 1-69,text,true,,112266,117,100,100,456,0,105
1516734856142,1086,HTTP Request,200,OK,Thread Group 1-83,text,true,,112272,117,100,100,386,0,0
1516734856474,759,HTTP Request,200,OK,Thread Group 1-15,text,true,,112273,117,100,100,604,0,0
1516734856291,948,HTTP Request,200,OK,Thread Group 1-30,text,true,,112273,117,100,100,488,0,104
1516734856718,526,HTTP Request,200,OK,Thread Group 1-47,text,true,,112271,117,100,100,365,0,0
1516734856536,712,HTTP Request,200,OK,Thread Group 1-22,text,true,,112271,117,100,100,472,0,118
1516734856481,771,HTTP Request,200,OK,Thread Group 1-85,text,true,,112264,117,100,100,452,0,113
1516734856739,514,HTTP Request,200,OK,Thread Group 1-45,text,true,,112273,117,100,100,378,0,0
1516734855942,1342,HTTP Request,200,OK,Thread Group 1-44,text,true,,112271,117,100,100,573,0,214
1516734855783,1501,HTTP Request,200,OK,Thread Group 1-98,text,true,,112273,117,100,100,357,0,0
1516734855953,1333,HTTP Request,200,OK,Thread Group 1-25,text,true,,112273,117,100,100,545,0,195
1516734856241,1056,HTTP Request,200,OK,Thread Group 1-39,text,true,,112273,117,100,100,513,0,113
1516734856806,514,HTTP Request,200,OK,Thread Group 1-48,text,true,,112272,117,100,100,358,0,0
1516734856633,689,HTTP Request,200,OK,Thread Group 1-46,text,true,,112266,117,100,100,465,0,110
1516734856565,764,HTTP Request,200,OK,Thread Group 1-3,text,true,,112273,117,100,100,350,0,0
1516734856602,739,HTTP Request,200,OK,Thread Group 1-19,text,true,,112265,117,100,100,539,0,0
1516734856635,711,HTTP Request,200,OK,Thread Group 1-35,text,true,,112273,117,100,100,485,0,108
1516734856174,1189,HTTP Request,200,OK,Thread Group 1-86,text,true,,112271,117,100,100,349,0,0
1516734856628,739,HTTP Request,200,OK,Thread Group 1-95,text,true,,112272,117,100,100,516,0,107
1516734856341,1027,HTTP Request,200,OK,Thread Group 1-20,text,true,,112272,117,100,100,478,0,108
1516734856847,538,HTTP Request,200,OK,Thread Group 1-56,text,true,,112273,117,100,100,351,0,0
1516734856830,559,HTTP Request,200,OK,Thread Group 1-7,text,true,,112271,117,100,100,387,0,0
1516734856165,1244,HTTP Request,200,OK,Thread Group 1-9,text,true,,112273,117,100,100,487,0,102
1516734856585,835,HTTP Request,200,OK,Thread Group 1-67,text,true,,112265,117,100,100,455,0,112
1516734856900,525,HTTP Request,200,OK,Thread Group 1-4,text,true,,112273,117,100,100,366,0,0
1516734855551,1884,HTTP Request,200,OK,Thread Group 1-51,text,true,,112273,117,100,100,388,0,0
1516734855928,1542,HTTP Request,200,OK,Thread Group 1-92,text,true,,112266,117,100,100,543,0,0
1516734856548,924,HTTP Request,200,OK,Thread Group 1-65,text,true,,112273,117,100,100,540,0,111
1516734856676,804,HTTP Request,200,OK,Thread Group 1-12,text,true,,112273,117,100,100,362,0,0
1516734856623,869,HTTP Request,200,OK,Thread Group 1-42,text,true,,112273,117,100,100,365,0,0
1516734856825,691,HTTP Request,200,OK,Thread Group 1-23,text,true,,112272,117,100,100,439,0,105
1516734856740,789,HTTP Request,200,OK,Thread Group 1-5,text,true,,112273,117,100,100,375,0,0
1516734856262,1267,HTTP Request,200,OK,Thread Group 1-79,text,true,,112266,117,100,100,449,0,103
1516734856140,1396,HTTP Request,200,OK,Thread Group 1-57,text,true,,112271,117,100,100,475,0,116
1516734856685,865,HTTP Request,200,OK,Thread Group 1-88,text,true,,112266,117,100,100,456,0,114
1516734856996,562,HTTP Request,200,OK,Thread Group 1-33,text,true,,112272,117,100,100,356,0,0
1516734856844,726,HTTP Request,200,OK,Thread Group 1-64,text,true,,112271,117,100,100,460,0,114
1516734856740,833,HTTP Request,200,OK,Thread Group 1-40,text,true,,112272,117,100,100,362,0,0
1516734855733,1841,HTTP Request,200,OK,Thread Group 1-99,text,true,,112273,117,100,100,1146,0,0
1516734856825,763,HTTP Request,200,OK,Thread Group 1-62,text,true,,112273,117,100,100,531,0,101
1516734856476,1115,HTTP Request,200,OK,Thread Group 1-78,text,true,,112273,117,100,100,875,0,108
1516734856577,1030,HTTP Request,200,OK,Thread Group 1-27,text,true,,112271,117,100,100,488,0,114
1516734856718,907,HTTP Request,200,OK,Thread Group 1-100,text,true,,112273,117,100,100,463,0,100
1516734856393,1250,HTTP Request,200,OK,Thread Group 1-74,text,true,,112273,117,100,100,496,0,112
1516734855748,1896,HTTP Request,200,OK,Thread Group 1-10,text,true,,112273,117,100,100,752,0,392
1516734856908,761,HTTP Request,200,OK,Thread Group 1-80,text,true,,112273,117,100,100,482,0,108
1516734856651,1043,HTTP Request,200,OK,Thread Group 1-16,text,true,,112273,117,100,100,449,0,103
1516734856749,946,HTTP Request,200,OK,Thread Group 1-18,text,true,,112272,117,100,100,412,0,0
1516734856693,1005,HTTP Request,200,OK,Thread Group 1-14,text,true,,112273,117,100,100,358,0,0
1516734857091,633,HTTP Request,200,OK,Thread Group 1-89,text,true,,112272,117,100,100,376,0,0
1516734856780,945,HTTP Request,200,OK,Thread Group 1-81,text,true,,112266,117,100,100,649,0,119
1516734856584,1142,HTTP Request,200,OK,Thread Group 1-61,text,true,,112273,117,100,100,849,0,116
1516734856602,1158,HTTP Request,200,OK,Thread Group 1-13,text,true,,112273,117,100,100,492,0,116
1516734857025,756,HTTP Request,200,OK,Thread Group 1-41,text,true,,112271,117,100,100,369,0,0
1516734857122,673,HTTP Request,200,OK,Thread Group 1-91,text,true,,112272,117,100,100,403,0,0
1516734857244,609,HTTP Request,200,OK,Thread Group 1-47,text,true,,112273,117,100,100,436,0,0
1516734856976,883,HTTP Request,200,OK,Thread Group 1-34,text,true,,112271,117,100,100,504,0,109
1516734857253,617,HTTP Request,200,OK,Thread Group 1-45,text,true,,112273,117,100,100,437,0,0
1516734856804,1090,HTTP Request,200,OK,Thread Group 1-97,text,true,,112273,117,100,100,491,0,109
1516734857075,844,HTTP Request,200,OK,Thread Group 1-58,text,true,,112272,117,100,100,475,0,104
1516734856862,1063,HTTP Request,200,OK,Thread Group 1-77,text,true,,112266,117,100,100,438,0,106
1516734855927,2008,HTTP Request,200,OK,Thread Group 1-11,text,true,,112273,117,100,100,1526,0,1161
1516734856632,1304,HTTP Request,200,OK,Thread Group 1-55,text,true,,112273,117,100,100,486,0,107
1516734856820,1121,HTTP Request,200,OK,Thread Group 1-17,text,true,,112273,117,100,100,467,0,105
1516734857320,632,HTTP Request,200,OK,Thread Group 1-48,text,true,,112272,117,100,100,402,0,0
1516734856811,1145,HTTP Request,200,OK,Thread Group 1-37,text,true,,112266,117,100,100,474,0,114
1516734857248,710,HTTP Request,200,OK,Thread Group 1-22,text,true,,112271,117,100,100,357,0,0
1516734857233,726,HTTP Request,200,OK,Thread Group 1-15,text,true,,112272,117,100,100,410,0,0
1516734857368,613,HTTP Request,200,OK,Thread Group 1-95,text,true,,112273,117,100,100,381,0,0
1516734856904,1087,HTTP Request,200,OK,Thread Group 1-63,text,true,,112273,117,100,100,468,0,111
1516734856876,1125,HTTP Request,200,OK,Thread Group 1-84,text,true,,112273,117,100,100,476,0,109
1516734857389,613,HTTP Request,200,OK,Thread Group 1-7,text,true,,112271,117,100,100,467,0,0
1516734856492,1519,HTTP Request,200,OK,Thread Group 1-24,text,true,,112273,117,100,100,617,0,106
1516734857517,496,HTTP Request,200,OK,Thread Group 1-23,text,true,,112273,117,100,100,347,0,0
1516734857346,683,HTTP Request,200,OK,Thread Group 1-35,text,true,,112271,117,100,100,401,0,0
1516734857341,700,HTTP Request,200,OK,Thread Group 1-19,text,true,,112273,117,100,100,382,0,0
1516734856852,1196,HTTP Request,200,OK,Thread Group 1-59,text,true,,112273,117,100,100,481,0,109
1516734857061,996,HTTP Request,200,OK,Thread Group 1-6,text,true,,112273,117,100,100,582,0,0
1516734857071,990,HTTP Request,200,OK,Thread Group 1-21,text,true,,112271,117,100,100,522,0,0
1516734857252,813,HTTP Request,200,OK,Thread Group 1-85,text,true,,112273,117,100,100,392,0,0
1516734857425,644,HTTP Request,200,OK,Thread Group 1-4,text,true,,112273,117,100,100,386,0,0
1516734857385,699,HTTP Request,200,OK,Thread Group 1-56,text,true,,112273,117,100,100,452,0,0
1516734857199,981,HTTP Request,200,OK,Thread Group 1-31,text,true,,112273,117,100,100,488,0,0
1516734857107,1074,HTTP Request,200,OK,Thread Group 1-87,text,true,,112271,117,100,100,395,0,0
1516734856738,1450,HTTP Request,200,OK,Thread Group 1-50,text,true,,112273,117,100,100,644,0,108
1516734856430,1762,HTTP Request,200,OK,Thread Group 1-8,text,true,,112271,117,100,100,519,0,109
1516734857072,1127,HTTP Request,200,OK,Thread Group 1-90,text,true,,112273,117,100,100,459,0,111
1516734857558,644,HTTP Request,200,OK,Thread Group 1-33,text,true,,112272,117,100,100,407,0,0
1516734857570,633,HTTP Request,200,OK,Thread Group 1-64,text,true,,112271,117,100,100,341,0,0
1516734857284,920,HTTP Request,200,OK,Thread Group 1-98,text,true,,112273,117,100,100,477,0,120
1516734856985,1220,HTTP Request,200,OK,Thread Group 1-72,text,true,,112272,117,100,100,459,0,107
1516734857421,785,HTTP Request,200,OK,Thread Group 1-67,text,true,,112271,117,100,100,427,0,0
1516734856719,1490,HTTP Request,200,OK,Thread Group 1-36,text,true,,112273,117,100,100,502,0,104
1516734857087,1149,HTTP Request,200,OK,Thread Group 1-60,text,true,,112273,117,100,100,354,0,0
1516734857588,648,HTTP Request,200,OK,Thread Group 1-62,text,true,,112273,117,100,100,375,0,0
1516734856969,1261,HTTP Request,200,OK,Thread Group 1-71,text,true,,112273,117,100,100,506,0,104
1516734856751,1476,HTTP Request,200,OK,Thread Group 1-75,text,true,,112266,117,100,100,643,0,106
1516734857150,1075,HTTP Request,200,OK,Thread Group 1-53,text,true,,112272,117,100,100,464,0,105
1516734857091,1134,HTTP Request,200,OK,Thread Group 1-52,text,true,,112273,117,100,100,427,0,0
1516734857492,754,HTTP Request,200,OK,Thread Group 1-42,text,true,,112271,117,100,100,371,0,0
1516734856885,1380,HTTP Request,200,OK,Thread Group 1-54,text,true,,112271,117,100,100,511,0,115
1516734857240,1037,HTTP Request,200,OK,Thread Group 1-30,text,true,,112273,117,100,100,403,0,0
1516734857027,1252,HTTP Request,200,OK,Thread Group 1-29,text,true,,112273,117,100,100,499,0,113
1516734857152,1135,HTTP Request,200,OK,Thread Group 1-38,text,true,,112266,117,100,100,446,0,103
1516734857286,1009,HTTP Request,200,OK,Thread Group 1-25,text,true,,112273,117,100,100,372,0,0
1516734857472,827,HTTP Request,200,OK,Thread Group 1-65,text,true,,112273,117,100,100,381,0,0
1516734857087,1234,HTTP Request,200,OK,Thread Group 1-82,text,true,,112273,117,100,100,776,0,377
1516734857297,1025,HTTP Request,200,OK,Thread Group 1-39,text,true,,112273,117,100,100,386,0,0
1516734857043,1290,HTTP Request,200,OK,Thread Group 1-2,text,true,,112266,117,100,100,552,0,0
1516734857669,668,HTTP Request,200,OK,Thread Group 1-80,text,true,,112273,117,100,100,344,0,0
1516734857329,1020,HTTP Request,200,OK,Thread Group 1-3,text,true,,112273,117,100,100,517,0,0
1516734857139,1215,HTTP Request,200,OK,Thread Group 1-94,text,true,,112271,117,100,100,509,0,115
1516734857795,569,HTTP Request,200,OK,Thread Group 1-91,text,true,,112273,117,100,100,392,0,0
1516734857107,1258,HTTP Request,200,OK,Thread Group 1-26,text,true,,112271,117,100,100,361,0,0
1516734857068,1312,HTTP Request,200,OK,Thread Group 1-28,text,true,,112273,117,100,100,671,0,112
1516734857529,852,HTTP Request,200,OK,Thread Group 1-5,text,true,,112272,117,100,100,476,0,0
1516734857536,858,HTTP Request,200,OK,Thread Group 1-57,text,true,,112273,117,100,100,358,0,0
1516734857726,673,HTTP Request,200,OK,Thread Group 1-61,text,true,,112273,117,100,100,343,0,0
1516734857470,933,HTTP Request,200,OK,Thread Group 1-92,text,true,,112271,117,100,100,474,0,110
1516734857625,779,HTTP Request,200,OK,Thread Group 1-100,text,true,,112264,117,100,100,368,0,0
1516734857008,1408,HTTP Request,200,OK,Thread Group 1-43,text,true,,112273,117,100,100,346,0,0
1516734857409,1008,HTTP Request,200,OK,Thread Group 1-9,text,true,,112273,117,100,100,360,0,0
1516734857695,740,HTTP Request,200,OK,Thread Group 1-18,text,true,,112273,117,100,100,487,0,0
1516734855938,2505,HTTP Request,200,OK,Thread Group 1-1,text,true,,112273,117,100,100,1470,0,1126
1516734857573,870,HTTP Request,200,OK,Thread Group 1-40,text,true,,112273,117,100,100,436,0,0
1516734857607,846,HTTP Request,200,OK,Thread Group 1-27,text,true,,112272,117,100,100,424,0,0
1516734857078,1380,HTTP Request,200,OK,Thread Group 1-68,text,true,,112271,117,100,100,1146,0,0
1516734857551,907,HTTP Request,200,OK,Thread Group 1-88,text,true,,112273,117,100,100,394,0,0
1516734857592,869,HTTP Request,200,OK,Thread Group 1-78,text,true,,112273,117,100,100,358,0,0
1516734857064,1407,HTTP Request,200,OK,Thread Group 1-73,text,true,,112271,117,100,100,648,0,110
1516734858013,459,HTTP Request,200,OK,Thread Group 1-23,text,true,,112273,117,100,100,355,0,0
1516734857724,751,HTTP Request,200,OK,Thread Group 1-89,text,true,,112272,117,100,100,462,0,0
1516734856594,1896,HTTP Request,200,OK,Thread Group 1-66,text,true,,112272,117,100,100,1592,0,1171
1516734857870,627,HTTP Request,200,OK,Thread Group 1-45,text,true,,112272,117,100,100,383,0,0
1516734857187,1315,HTTP Request,200,OK,Thread Group 1-32,text,true,,112273,117,100,100,392,0,0
1516734857698,814,HTTP Request,200,OK,Thread Group 1-14,text,true,,112272,117,100,100,479,0,107
1516734857781,733,HTTP Request,200,OK,Thread Group 1-41,text,true,,112266,117,100,100,403,0,0
1516734857436,1083,HTTP Request,200,OK,Thread Group 1-51,text,true,,112273,117,100,100,563,0,115
1516734857725,827,HTTP Request,200,OK,Thread Group 1-81,text,true,,112273,117,100,100,357,0,0
1516734857919,634,HTTP Request,200,OK,Thread Group 1-58,text,true,,112272,117,100,100,386,0,0
1516734856877,1679,HTTP Request,200,OK,Thread Group 1-93,text,true,,112273,117,100,100,455,0,115
1516734857694,865,HTTP Request,200,OK,Thread Group 1-16,text,true,,112273,117,100,100,368,0,0
1516734857853,710,HTTP Request,200,OK,Thread Group 1-47,text,true,,112271,117,100,100,438,0,0
1516734857363,1200,HTTP Request,200,OK,Thread Group 1-86,text,true,,112273,117,100,100,819,0,368
1516734857369,1219,HTTP Request,200,OK,Thread Group 1-20,text,true,,112273,117,100,100,482,0,0
1516734857574,1027,HTTP Request,200,OK,Thread Group 1-99,text,true,,112273,117,100,100,654,0,282
1516734857032,1574,HTTP Request,200,OK,Thread Group 1-49,text,true,,112273,117,100,100,514,0,105
1516734857284,1364,HTTP Request,200,OK,Thread Group 1-44,text,true,,112273,117,100,100,415,0,0
1516734857952,715,HTTP Request,200,OK,Thread Group 1-48,text,true,,112273,117,100,100,424,0,0
1516734857323,1349,HTTP Request,200,OK,Thread Group 1-46,text,true,,112271,117,100,100,1153,0,0
1516734857981,693,HTTP Request,200,OK,Thread Group 1-95,text,true,,112273,117,100,100,414,0,0
1516734856492,2225,HTTP Request,200,OK,Thread Group 1-70,text,true,,112272,117,100,100,1757,0,1386
1516734857644,1076,HTTP Request,200,OK,Thread Group 1-74,text,true,,112273,117,100,100,388,0,0
1516734857222,1505,HTTP Request,200,OK,Thread Group 1-69,text,true,,112272,117,100,100,351,0,0
1516734857228,1527,HTTP Request,200,OK,Thread Group 1-83,text,true,,112272,117,100,100,462,0,107
1516734858029,731,HTTP Request,200,OK,Thread Group 1-35,text,true,,112273,117,100,100,423,0,0
1516734857645,1149,HTTP Request,200,OK,Thread Group 1-10,text,true,,112273,117,100,100,395,0,0
1516734857859,958,HTTP Request,200,OK,Thread Group 1-34,text,true,,112273,117,100,100,371,0,0
1516734857960,873,HTTP Request,200,OK,Thread Group 1-15,text,true,,112271,117,100,100,481,0,110
1516734858061,775,HTTP Request,200,OK,Thread Group 1-21,text,true,,112273,117,100,100,514,0,174
1516734857958,885,HTTP Request,200,OK,Thread Group 1-22,text,true,,112272,117,100,100,435,0,0
1516734858204,653,HTTP Request,200,OK,Thread Group 1-98,text,true,,112273,117,100,100,364,0,0
1516734858084,774,HTTP Request,200,OK,Thread Group 1-56,text,true,,112273,117,100,100,441,0,0
1516734856904,1962,HTTP Request,200,OK,Thread Group 1-76,text,true,,112273,117,100,100,776,0,369
1516734858065,854,HTTP Request,200,OK,Thread Group 1-85,text,true,,112273,117,100,100,427,0,0
1516734857936,988,HTTP Request,200,OK,Thread Group 1-55,text,true,,112273,117,100,100,372,0,0
1516734857926,1030,HTTP Request,200,OK,Thread Group 1-77,text,true,,112273,117,100,100,393,0,0
1516734857895,1069,HTTP Request,200,OK,Thread Group 1-97,text,true,,112266,117,100,100,554,0,0
1516734858048,917,HTTP Request,200,OK,Thread Group 1-59,text,true,,112273,117,100,100,361,0,0
1516734858364,606,HTTP Request,200,OK,Thread Group 1-91,text,true,,112273,117,100,100,426,0,0
1516734857956,1017,HTTP Request,200,OK,Thread Group 1-37,text,true,,112273,117,100,100,414,0,0
1516734858199,776,HTTP Request,200,OK,Thread Group 1-90,text,true,,112273,117,100,100,410,0,0
1516734858472,521,HTTP Request,200,OK,Thread Group 1-23,text,true,,112273,117,100,100,417,0,0
1516734858337,718,HTTP Request,200,OK,Thread Group 1-80,text,true,,112273,117,100,100,392,0,0
1516734857002,2077,HTTP Request,200,OK,Thread Group 1-96,text,true,,112271,117,100,100,501,0,107
1516734858333,751,HTTP Request,200,OK,Thread Group 1-2,text,true,,112273,117,100,100,525,0,112
1516734858277,808,HTTP Request,200,OK,Thread Group 1-30,text,true,,112273,117,100,100,349,0,0
1516734858206,880,HTTP Request,200,OK,Thread Group 1-67,text,true,,112273,117,100,100,410,0,0
1516734858188,904,HTTP Request,200,OK,Thread Group 1-50,text,true,,112272,117,100,100,378,0,0
1516734857480,1618,HTTP Request,200,OK,Thread Group 1-12,text,true,,112273,117,100,100,1151,0,0
1516734858247,876,HTTP Request,200,OK,Thread Group 1-42,text,true,,112271,117,100,100,476,0,117
1516734857941,1186,HTTP Request,200,OK,Thread Group 1-17,text,true,,112271,117,100,100,427,0,0
1516734858404,724,HTTP Request,200,OK,Thread Group 1-92,text,true,,112273,117,100,100,358,0,0
1516734858553,583,HTTP Request,200,OK,Thread Group 1-58,text,true,,112272,117,100,100,396,0,0
1516734858001,1140,HTTP Request,200,OK,Thread Group 1-84,text,true,,112273,117,100,100,364,0,0
1516734858011,1145,HTTP Request,200,OK,Thread Group 1-24,text,true,,112273,117,100,100,335,0,0
1516734858180,980,HTTP Request,200,OK,Thread Group 1-31,text,true,,112273,117,100,100,434,0,0
1516734858454,722,HTTP Request,200,OK,Thread Group 1-27,text,true,,112272,117,100,100,381,0,0
1516734858350,828,HTTP Request,200,OK,Thread Group 1-3,text,true,,112266,117,100,100,459,0,104
1516734858205,975,HTTP Request,200,OK,Thread Group 1-72,text,true,,112272,117,100,100,355,0,0
1516734858241,939,HTTP Request,200,OK,Thread Group 1-71,text,true,,112273,117,100,100,359,0,0
1516734858461,723,HTTP Request,200,OK,Thread Group 1-78,text,true,,112273,117,100,100,452,0,0
1516734858242,956,HTTP Request,200,OK,Thread Group 1-52,text,true,,112271,117,100,100,495,0,107
1516734857761,1447,HTTP Request,200,OK,Thread Group 1-13,text,true,,112272,117,100,100,416,0,0
1516734857530,1685,HTTP Request,200,OK,Thread Group 1-79,text,true,,112273,117,100,100,374,0,0
1516734858512,706,HTTP Request,200,OK,Thread Group 1-14,text,true,,112271,117,100,100,367,0,0
1516734858563,672,HTTP Request,200,OK,Thread Group 1-86,text,true,,112273,117,100,100,354,0,0
1516734858241,1008,HTTP Request,200,OK,Thread Group 1-62,text,true,,112272,117,100,100,381,0,0
1516734858443,808,HTTP Request,200,OK,Thread Group 1-1,text,true,,112266,117,100,100,449,0,100
1516734858417,841,HTTP Request,200,OK,Thread Group 1-43,text,true,,112271,117,100,100,459,0,107
1516734858069,1189,HTTP Request,200,OK,Thread Group 1-4,text,true,,112273,117,100,100,535,0,169
1516734858295,972,HTTP Request,200,OK,Thread Group 1-25,text,true,,112264,117,100,100,458,0,104
1516734858418,868,HTTP Request,200,OK,Thread Group 1-9,text,true,,112273,117,100,100,476,0,109
1516734857935,1352,HTTP Request,200,OK,Thread Group 1-11,text,true,,112273,117,100,100,632,0,278
1516734858404,883,HTTP Request,200,OK,Thread Group 1-100,text,true,,112271,117,100,100,392,0,0
1516734858287,1006,HTTP Request,200,OK,Thread Group 1-38,text,true,,112273,117,100,100,386,0,0
1516734858400,904,HTTP Request,200,OK,Thread Group 1-61,text,true,,112273,117,100,100,421,0,0
1516734858519,790,HTTP Request,200,OK,Thread Group 1-51,text,true,,112273,117,100,100,380,0,0
1516734858471,848,HTTP Request,200,OK,Thread Group 1-73,text,true,,112266,117,100,100,384,0,0
1516734858279,1061,HTTP Request,200,OK,Thread Group 1-29,text,true,,112273,117,100,100,358,0,0
1516734858601,741,HTTP Request,200,OK,Thread Group 1-99,text,true,,112273,117,100,100,437,0,0
1516734858041,1306,HTTP Request,200,OK,Thread Group 1-19,text,true,,112273,117,100,100,638,0,214
1516734858559,788,HTTP Request,200,OK,Thread Group 1-16,text,true,,112271,117,100,100,403,0,0
1516734858300,1049,HTTP Request,200,OK,Thread Group 1-65,text,true,,112273,117,100,100,507,0,0
1516734858490,860,HTTP Request,200,OK,Thread Group 1-66,text,true,,112273,117,100,100,354,0,0
1516734858588,764,HTTP Request,200,OK,Thread Group 1-20,text,true,,112273,117,100,100,486,0,101
1516734858321,1032,HTTP Request,200,OK,Thread Group 1-82,text,true,,112272,117,100,100,394,0,0
1516734858514,857,HTTP Request,200,OK,Thread Group 1-41,text,true,,112271,117,100,100,471,0,109
1516734858057,1318,HTTP Request,200,OK,Thread Group 1-6,text,true,,112273,117,100,100,588,0,181
1516734858459,925,HTTP Request,200,OK,Thread Group 1-88,text,true,,112273,117,100,100,432,0,0
1516734858394,996,HTTP Request,200,OK,Thread Group 1-57,text,true,,112272,117,100,100,489,0,108
1516734858002,1388,HTTP Request,200,OK,Thread Group 1-7,text,true,,112271,117,100,100,759,0,372
1516734858475,937,HTTP Request,200,OK,Thread Group 1-89,text,true,,112273,117,100,100,546,0,110
1516734858836,588,HTTP Request,200,OK,Thread Group 1-21,text,true,,112273,117,100,100,354,0,0
1516734858563,866,HTTP Request,200,OK,Thread Group 1-47,text,true,,112273,117,100,100,463,0,113
1516734858181,1260,HTTP Request,200,OK,Thread Group 1-87,text,true,,112266,117,100,100,348,0,0
1516734858436,1007,HTTP Request,200,OK,Thread Group 1-18,text,true,,112272,117,100,100,503,0,101
1516734858240,1215,HTTP Request,200,OK,Thread Group 1-60,text,true,,112264,117,100,100,350,0,0
1516734858857,610,HTTP Request,200,OK,Thread Group 1-98,text,true,,112272,117,100,100,413,0,0
1516734858649,819,HTTP Request,200,OK,Thread Group 1-44,text,true,,112273,117,100,100,469,0,113
1516734858209,1271,HTTP Request,200,OK,Thread Group 1-36,text,true,,112271,117,100,100,415,0,0
1516734858672,822,HTTP Request,200,OK,Thread Group 1-46,text,true,,112272,117,100,100,515,0,122
1516734857992,1507,HTTP Request,200,OK,Thread Group 1-63,text,true,,112273,117,100,100,357,0,0
1516734858354,1148,HTTP Request,200,OK,Thread Group 1-94,text,true,,112273,117,100,100,358,0,0
1516734858497,1018,HTTP Request,200,OK,Thread Group 1-45,text,true,,112273,117,100,100,483,0,102
1516734858606,916,HTTP Request,200,OK,Thread Group 1-49,text,true,,112264,117,100,100,360,0,0
1516734858667,875,HTTP Request,200,OK,Thread Group 1-48,text,true,,112272,117,100,100,484,0,114
1516734858795,756,HTTP Request,200,OK,Thread Group 1-10,text,true,,112273,117,100,100,470,0,107
1516734858502,1056,HTTP Request,200,OK,Thread Group 1-32,text,true,,112273,117,100,100,661,0,270
1516734858674,887,HTTP Request,200,OK,Thread Group 1-95,text,true,,112271,117,100,100,519,0,108
1516734858241,1343,HTTP Request,200,OK,Thread Group 1-53,text,true,,112271,117,100,100,408,0,0
1516734858833,755,HTTP Request,200,OK,Thread Group 1-15,text,true,,112273,117,100,100,358,0,0
1516734858760,834,HTTP Request,200,OK,Thread Group 1-35,text,true,,112266,117,100,100,453,0,112
1516734858203,1398,HTTP Request,200,OK,Thread Group 1-33,text,true,,112273,117,100,100,1159,0,0
1516734858727,880,HTTP Request,200,OK,Thread Group 1-69,text,true,,112273,117,100,100,501,0,113
1516734858758,854,HTTP Request,200,OK,Thread Group 1-83,text,true,,112266,117,100,100,336,0,0
1516734858818,797,HTTP Request,200,OK,Thread Group 1-34,text,true,,112273,117,100,100,453,0,0
1516734858366,1258,HTTP Request,200,OK,Thread Group 1-26,text,true,,112273,117,100,100,471,0,112
1516734858720,905,HTTP Request,200,OK,Thread Group 1-74,text,true,,112266,117,100,100,477,0,116
1516734858323,1338,HTTP Request,200,OK,Thread Group 1-39,text,true,,112273,117,100,100,517,0,111
1516734858859,821,HTTP Request,200,OK,Thread Group 1-56,text,true,,112265,117,100,100,455,0,109
1516734858192,1488,HTTP Request,200,OK,Thread Group 1-8,text,true,,112273,117,100,100,373,0,0
1516734858458,1233,HTTP Request,200,OK,Thread Group 1-68,text,true,,112272,117,100,100,598,0,102
1516734858843,861,HTTP Request,200,OK,Thread Group 1-22,text,true,,112273,117,100,100,481,0,113
1516734858924,782,HTTP Request,200,OK,Thread Group 1-55,text,true,,112273,117,100,100,518,0,110
1516734858993,716,HTTP Request,200,OK,Thread Group 1-23,text,true,,112266,117,100,100,440,0,107
1516734859084,626,HTTP Request,200,OK,Thread Group 1-2,text,true,,112273,117,100,100,388,0,0
1516734858443,1279,HTTP Request,200,OK,Thread Group 1-40,text,true,,112271,117,100,100,919,0,514
1516734858203,1524,HTTP Request,200,OK,Thread Group 1-64,text,true,,112271,117,100,100,1183,0,0
1516734858556,1224,HTTP Request,200,OK,Thread Group 1-93,text,true,,112272,117,100,100,353,0,0
1516734858975,815,HTTP Request,200,OK,Thread Group 1-90,text,true,,112273,117,100,100,431,0,0
1516734858919,876,HTTP Request,200,OK,Thread Group 1-85,text,true,,112273,117,100,100,460,0,105
1516734858973,830,HTTP Request,200,OK,Thread Group 1-37,text,true,,112266,117,100,100,457,0,106
1516734859079,729,HTTP Request,200,OK,Thread Group 1-96,text,true,,112273,117,100,100,463,0,102
1516734859136,700,HTTP Request,200,OK,Thread Group 1-58,text,true,,112271,117,100,100,461,0,104
1516734858380,1460,HTTP Request,200,OK,Thread Group 1-28,text,true,,112273,117,100,100,384,0,0
1516734858957,946,HTTP Request,200,OK,Thread Group 1-77,text,true,,112273,117,100,100,442,0,108
1516734858965,954,HTTP Request,200,OK,Thread Group 1-59,text,true,,112273,117,100,100,501,0,107
1516734858866,1073,HTTP Request,200,OK,Thread Group 1-76,text,true,,112271,117,100,100,346,0,0
1516734859352,589,HTTP Request,200,OK,Thread Group 1-20,text,true,,112273,117,100,100,338,0,0
1516734859128,854,HTTP Request,200,OK,Thread Group 1-92,text,true,,112272,117,100,100,477,0,0
1516734858964,1044,HTTP Request,200,OK,Thread Group 1-97,text,true,,112272,117,100,100,467,0,109
1516734859127,896,HTTP Request,200,OK,Thread Group 1-17,text,true,,112273,117,100,100,479,0,112
1516734859092,936,HTTP Request,200,OK,Thread Group 1-50,text,true,,112273,117,100,100,469,0,115
1516734859179,850,HTTP Request,200,OK,Thread Group 1-3,text,true,,112273,117,100,100,348,0,0
1516734858382,1667,HTTP Request,200,OK,Thread Group 1-5,text,true,,112271,117,100,100,671,0,102
1516734859141,911,HTTP Request,200,OK,Thread Group 1-84,text,true,,112273,117,100,100,488,0,108
1516734859180,873,HTTP Request,200,OK,Thread Group 1-71,text,true,,112273,117,100,100,458,0,105
1516734859177,890,HTTP Request,200,OK,Thread Group 1-27,text,true,,112273,117,100,100,466,0,112
1516734858717,1369,HTTP Request,200,OK,Thread Group 1-70,text,true,,112273,117,100,100,771,0,385
1516734859157,933,HTTP Request,200,OK,Thread Group 1-24,text,true,,112264,117,100,100,464,0,110
1516734859304,789,HTTP Request,200,OK,Thread Group 1-61,text,true,,112271,117,100,100,435,0,105
1516734859371,729,HTTP Request,200,OK,Thread Group 1-41,text,true,,112273,117,100,100,361,0,0
1516734859085,1018,HTTP Request,200,OK,Thread Group 1-30,text,true,,112273,117,100,100,448,0,101
1516734859310,818,HTTP Request,200,OK,Thread Group 1-51,text,true,,112272,117,100,100,395,0,0
1516734859340,807,HTTP Request,200,OK,Thread Group 1-29,text,true,,112273,117,100,100,513,0,108
1516734859429,746,HTTP Request,200,OK,Thread Group 1-47,text,true,,112273,117,100,100,376,0,0
1516734859288,902,HTTP Request,200,OK,Thread Group 1-100,text,true,,112273,117,100,100,466,0,107
1516734859198,999,HTTP Request,200,OK,Thread Group 1-52,text,true,,112272,117,100,100,422,0,0
1516734858266,1955,HTTP Request,200,OK,Thread Group 1-54,text,true,,112271,117,100,100,347,0,0
1516734859241,989,HTTP Request,200,OK,Thread Group 1-86,text,true,,112273,117,100,100,411,0,0
1516734859412,819,HTTP Request,200,OK,Thread Group 1-89,text,true,,112266,117,100,100,406,0,0
1516734859494,742,HTTP Request,200,OK,Thread Group 1-46,text,true,,112271,117,100,100,402,0,0
1516734859123,1114,HTTP Request,200,OK,Thread Group 1-42,text,true,,112273,117,100,100,392,0,0
1516734859353,908,HTTP Request,200,OK,Thread Group 1-82,text,true,,112272,117,100,100,493,0,110
1516734859180,1094,HTTP Request,200,OK,Thread Group 1-72,text,true,,112273,117,100,100,483,0,120
1516734858971,1305,HTTP Request,200,OK,Thread Group 1-91,text,true,,112273,117,100,100,535,0,106
1516734859098,1183,HTTP Request,200,OK,Thread Group 1-12,text,true,,112273,117,100,100,484,0,115
1516734859259,1022,HTTP Request,200,OK,Thread Group 1-4,text,true,,112273,117,100,100,368,0,0
1516734859218,1071,HTTP Request,200,OK,Thread Group 1-14,text,true,,112272,117,100,100,397,0,0
1516734859594,698,HTTP Request,200,OK,Thread Group 1-35,text,true,,112272,117,100,100,393,0,0
1516734859424,883,HTTP Request,200,OK,Thread Group 1-21,text,true,,112273,117,100,100,462,0,0
1516734859390,919,HTTP Request,200,OK,Thread Group 1-7,text,true,,112273,117,100,100,390,0,0
1516734859293,1017,HTTP Request,200,OK,Thread Group 1-38,text,true,,112273,117,100,100,530,0,115
1516734859347,964,HTTP Request,200,OK,Thread Group 1-16,text,true,,112273,117,100,100,504,0,109
1516734859258,1054,HTTP Request,200,OK,Thread Group 1-43,text,true,,112273,117,100,100,428,0,0
1516734859607,734,HTTP Request,200,OK,Thread Group 1-69,text,true,,112273,117,100,100,380,0,0
1516734859443,903,HTTP Request,200,OK,Thread Group 1-18,text,true,,112266,117,100,100,369,0,0
1516734859707,643,HTTP Request,200,OK,Thread Group 1-55,text,true,,112272,117,100,100,359,0,0
1516734859086,1280,HTTP Request,200,OK,Thread Group 1-67,text,true,,112273,117,100,100,498,0,104
1516734859160,1228,HTTP Request,200,OK,Thread Group 1-31,text,true,,112273,117,100,100,498,0,113
1516734859349,1040,HTTP Request,200,OK,Thread Group 1-65,text,true,,112264,117,100,100,464,0,104
1516734859056,1334,HTTP Request,200,OK,Thread Group 1-80,text,true,,112273,117,100,100,497,0,110
1516734859709,689,HTTP Request,200,OK,Thread Group 1-23,text,true,,112272,117,100,100,352,0,0
1516734858241,2157,HTTP Request,200,OK,Thread Group 1-75,text,true,,112273,117,100,100,1198,0,0
1516734859837,562,HTTP Request,200,OK,Thread Group 1-58,text,true,,112273,117,100,100,354,0,0
1516734859558,860,HTTP Request,200,OK,Thread Group 1-32,text,true,,112273,117,100,100,448,0,0
1516734859588,834,HTTP Request,200,OK,Thread Group 1-15,text,true,,112273,117,100,100,420,0,0
1516734858552,1882,HTTP Request,200,OK,Thread Group 1-81,text,true,,112273,117,100,100,1166,0,0
1516734859347,1089,HTTP Request,200,OK,Thread Group 1-19,text,true,,112273,117,100,100,399,0,0
1516734859615,838,HTTP Request,200,OK,Thread Group 1-34,text,true,,112266,117,100,100,471,0,105
1516734859467,995,HTTP Request,200,OK,Thread Group 1-98,text,true,,112273,117,100,100,480,0,111
1516734859704,760,HTTP Request,200,OK,Thread Group 1-22,text,true,,112271,117,100,100,355,0,0
1516734859809,660,HTTP Request,200,OK,Thread Group 1-96,text,true,,112273,117,100,100,346,0,0
1516734859624,846,HTTP Request,200,OK,Thread Group 1-26,text,true,,112273,117,100,100,360,0,0
1516734859208,1267,HTTP Request,200,OK,Thread Group 1-13,text,true,,112271,117,100,100,488,0,103
1516734859551,928,HTTP Request,200,OK,Thread Group 1-10,text,true,,112271,117,100,100,638,0,0
1516734859612,873,HTTP Request,200,OK,Thread Group 1-83,text,true,,112272,117,100,100,499,0,109
1516734859390,1097,HTTP Request,200,OK,Thread Group 1-57,text,true,,112273,117,100,100,443,0,0
1516734859542,946,HTTP Request,200,OK,Thread Group 1-48,text,true,,112271,117,100,100,436,0,0
1516734859455,1033,HTTP Request,200,OK,Thread Group 1-60,text,true,,112273,117,100,100,475,0,109
1516734859251,1243,HTTP Request,200,OK,Thread Group 1-1,text,true,,112273,117,100,100,460,0,0
1516734859499,1021,HTTP Request,200,OK,Thread Group 1-63,text,true,,112273,117,100,100,478,0,113
1516734859287,1240,HTTP Request,200,OK,Thread Group 1-11,text,true,,112273,117,100,100,384,0,0
1516734859680,848,HTTP Request,200,OK,Thread Group 1-8,text,true,,112271,117,100,100,469,0,112
1516734859625,906,HTTP Request,200,OK,Thread Group 1-74,text,true,,112273,117,100,100,379,0,0
1516734859941,603,HTTP Request,200,OK,Thread Group 1-20,text,true,,112272,117,100,100,383,0,0
1516734859441,1109,HTTP Request,200,OK,Thread Group 1-87,text,true,,112273,117,100,100,457,0,103
1516734859680,874,HTTP Request,200,OK,Thread Group 1-56,text,true,,112273,117,100,100,380,0,0
1516734859342,1222,HTTP Request,200,OK,Thread Group 1-99,text,true,,112273,117,100,100,452,0,0
1516734859722,845,HTTP Request,200,OK,Thread Group 1-40,text,true,,112271,117,100,100,417,0,0
1516734859711,859,HTTP Request,200,OK,Thread Group 1-2,text,true,,112273,117,100,100,460,0,0
1516734859215,1356,HTTP Request,200,OK,Thread Group 1-79,text,true,,112273,117,100,100,480,0,129
1516734859795,789,HTTP Request,200,OK,Thread Group 1-85,text,true,,112273,117,100,100,393,0,0
1516734859803,781,HTTP Request,200,OK,Thread Group 1-37,text,true,,112273,117,100,100,345,0,0
1516734859249,1339,HTTP Request,200,OK,Thread Group 1-62,text,true,,112273,117,100,100,512,0,112
1516734859691,907,HTTP Request,200,OK,Thread Group 1-68,text,true,,112273,117,100,100,371,0,0
1516734859661,941,HTTP Request,200,OK,Thread Group 1-39,text,true,,112273,117,100,100,414,0,0
1516734859561,1047,HTTP Request,200,OK,Thread Group 1-95,text,true,,112273,117,100,100,358,0,0
1516734859384,1252,HTTP Request,200,OK,Thread Group 1-88,text,true,,112266,117,100,100,622,0,109
1516734859727,916,HTTP Request,200,OK,Thread Group 1-64,text,true,,112273,117,100,100,539,0,115
1516734859780,870,HTTP Request,200,OK,Thread Group 1-93,text,true,,112273,117,100,100,503,0,112
1516734859584,1075,HTTP Request,200,OK,Thread Group 1-53,text,true,,112265,117,100,100,444,0,103
1516734859267,1398,HTTP Request,200,OK,Thread Group 1-25,text,true,,112273,117,100,100,349,0,0
1516734859840,831,HTTP Request,200,OK,Thread Group 1-28,text,true,,112271,117,100,100,476,0,108
1516734859480,1204,HTTP Request,200,OK,Thread Group 1-36,text,true,,112273,117,100,100,509,0,108
1516734859601,1084,HTTP Request,200,OK,Thread Group 1-33,text,true,,112273,117,100,100,536,0,113
1516734859287,1411,HTTP Request,200,OK,Thread Group 1-9,text,true,,112273,117,100,100,369,0,0
1516734859184,1551,HTTP Request,200,OK,Thread Group 1-78,text,true,,112273,117,100,100,644,0,109
1516734860093,647,HTTP Request,200,OK,Thread Group 1-61,text,true,,112272,117,100,100,354,0,0
1516734859502,1259,HTTP Request,200,OK,Thread Group 1-94,text,true,,112273,117,100,100,676,0,103
1516734860023,748,HTTP Request,200,OK,Thread Group 1-17,text,true,,112271,117,100,100,354,0,0
1516734860029,750,HTTP Request,200,OK,Thread Group 1-3,text,true,,112273,117,100,100,400,0,0
1516734859903,892,HTTP Request,200,OK,Thread Group 1-77,text,true,,112273,117,100,100,356,0,0
1516734860053,758,HTTP Request,200,OK,Thread Group 1-71,text,true,,112273,117,100,100,390,0,0
1516734859982,837,HTTP Request,200,OK,Thread Group 1-92,text,true,,112264,117,100,100,462,0,114
1516734860053,776,HTTP Request,200,OK,Thread Group 1-84,text,true,,112271,117,100,100,354,0,0
1516734859319,1518,HTTP Request,200,OK,Thread Group 1-73,text,true,,112273,117,100,100,451,0,103
1516734860100,738,HTTP Request,200,OK,Thread Group 1-41,text,true,,112271,117,100,100,440,0,0
1516734859939,903,HTTP Request,200,OK,Thread Group 1-76,text,true,,112266,117,100,100,491,0,113
1516734859523,1322,HTTP Request,200,OK,Thread Group 1-49,text,true,,112273,117,100,100,489,0,110
1516734860028,825,HTTP Request,200,OK,Thread Group 1-50,text,true,,112273,117,100,100,407,0,0
1516734860236,624,HTTP Request,200,OK,Thread Group 1-46,text,true,,112273,117,100,100,365,0,0
1516734860067,818,HTTP Request,200,OK,Thread Group 1-27,text,true,,112272,117,100,100,422,0,0
1516734859919,987,HTTP Request,200,OK,Thread Group 1-59,text,true,,112271,117,100,100,448,0,0
1516734860399,616,HTTP Request,200,OK,Thread Group 1-58,text,true,,112273,117,100,100,364,0,0
1516734859790,1227,HTTP Request,200,OK,Thread Group 1-90,text,true,,112273,117,100,100,771,0,372
1516734859468,1549,HTTP Request,200,OK,Thread Group 1-44,text,true,,112273,117,100,100,1181,0,0
1516734860008,1022,HTTP Request,200,OK,Thread Group 1-97,text,true,,112273,117,100,100,373,0,0
1516734860398,633,HTTP Request,200,OK,Thread Group 1-23,text,true,,112273,117,100,100,369,0,0
1516734860103,950,HTTP Request,200,OK,Thread Group 1-30,text,true,,112273,117,99,99,373,0,0
1516734860090,983,HTTP Request,200,OK,Thread Group 1-24,text,true,,112273,117,99,99,405,0,0
1516734859350,1725,HTTP Request,200,OK,Thread Group 1-66,text,true,,112273,117,99,99,1250,0,104
1516734860350,728,HTTP Request,200,OK,Thread Group 1-55,text,true,,112273,117,99,99,369,0,0
1516734860341,785,HTTP Request,200,OK,Thread Group 1-69,text,true,,112272,117,99,99,433,0,0
1516734860261,903,HTTP Request,200,OK,Thread Group 1-82,text,true,,112273,117,99,99,401,0,0
1516734860175,994,HTTP Request,200,OK,Thread Group 1-47,text,true,,112273,117,99,99,463,0,0
1516734860528,648,HTTP Request,200,OK,Thread Group 1-8,text,true,,112272,117,98,98,366,0,0
1516734859375,1831,HTTP Request,200,OK,Thread Group 1-6,text,true,,112273,117,98,98,480,0,0
1516734860190,1018,HTTP Request,200,OK,Thread Group 1-100,text,true,,112272,117,98,98,366,0,0
1516734860049,1162,HTTP Request,200,OK,Thread Group 1-5,text,true,,112271,117,98,98,398,0,0
1516734860292,922,HTTP Request,200,OK,Thread Group 1-35,text,true,,112272,117,98,98,428,0,0
1516734860148,1071,HTTP Request,200,OK,Thread Group 1-29,text,true,,112273,117,98,98,357,0,0
1516734860086,1140,HTTP Request,200,OK,Thread Group 1-70,text,true,,112272,117,98,98,413,0,0
1516734860485,751,HTTP Request,200,OK,Thread Group 1-83,text,true,,112273,117,98,98,407,0,0
1516734860282,962,HTTP Request,200,OK,Thread Group 1-4,text,true,,112272,117,98,98,467,0,106
1516734860231,1029,HTTP Request,200,OK,Thread Group 1-89,text,true,,112273,117,98,98,418,0,0
1516734860230,1030,HTTP Request,200,OK,Thread Group 1-86,text,true,,112271,117,98,98,452,0,104
1516734860311,996,HTTP Request,200,OK,Thread Group 1-16,text,true,,112273,117,98,98,411,0,0
1516734860564,880,HTTP Request,200,OK,Thread Group 1-99,text,true,,112273,117,98,98,465,0,106
1516734860520,930,HTTP Request,200,OK,Thread Group 1-63,text,true,,112273,117,98,98,357,0,0
1516734860129,1329,HTTP Request,200,OK,Thread Group 1-51,text,true,,112266,117,98,98,683,0,116
1516734860197,1264,HTTP Request,200,OK,Thread Group 1-52,text,true,,112272,117,98,98,375,0,0
1516734860470,998,HTTP Request,200,OK,Thread Group 1-26,text,true,,112271,117,98,98,517,0,110
1516734860398,1072,HTTP Request,200,OK,Thread Group 1-75,text,true,,112273,117,98,98,464,0,111
1516734860487,985,HTTP Request,200,OK,Thread Group 1-57,text,true,,112271,117,98,98,464,0,104
1516734860584,891,HTTP Request,200,OK,Thread Group 1-85,text,true,,112273,117,98,98,518,0,0
1516734860544,935,HTTP Request,200,OK,Thread Group 1-20,text,true,,112273,117,98,98,567,0,0
1516734860422,1058,HTTP Request,200,OK,Thread Group 1-15,text,true,,112272,117,98,98,512,0,105
1516734860434,1049,HTTP Request,200,OK,Thread Group 1-81,text,true,,112272,117,97,97,521,0,104
1516734860740,744,HTTP Request,200,OK,Thread Group 1-61,text,true,,112272,117,97,97,387,0,0
1516734860602,884,HTTP Request,200,OK,Thread Group 1-39,text,true,,112265,117,97,97,440,0,105
1516734860488,999,HTTP Request,200,OK,Thread Group 1-48,text,true,,112273,117,97,97,401,0,0
1516734860390,1099,HTTP Request,200,OK,Thread Group 1-80,text,true,,112265,117,97,97,344,0,0
1516734860643,846,HTTP Request,200,OK,Thread Group 1-64,text,true,,112271,117,97,97,393,0,0
1516734860570,920,HTTP Request,200,OK,Thread Group 1-2,text,true,,112272,117,97,97,534,0,118
1516734860281,1217,HTTP Request,200,OK,Thread Group 1-12,text,true,,112273,117,97,97,374,0,0
1516734860289,1210,HTTP Request,200,OK,Thread Group 1-14,text,true,,112273,117,97,97,463,0,102
1516734860307,1198,HTTP Request,200,OK,Thread Group 1-21,text,true,,112273,117,97,97,496,0,107
1516734860550,966,HTTP Request,200,OK,Thread Group 1-87,text,true,,112271,117,97,97,422,0,0
1516734860819,699,HTTP Request,200,OK,Thread Group 1-92,text,true,,112266,117,97,97,371,0,0
1516734860795,724,HTTP Request,200,OK,Thread Group 1-77,text,true,,112273,117,97,97,413,0,0
1516734860453,1082,HTTP Request,200,OK,Thread Group 1-34,text,true,,112266,117,97,97,358,0,0
1516734860608,934,HTTP Request,200,OK,Thread Group 1-95,text,true,,112272,117,97,97,406,0,0
1516734860659,886,HTTP Request,200,OK,Thread Group 1-53,text,true,,112273,117,97,97,432,0,0
1516734859515,2032,HTTP Request,200,OK,Thread Group 1-45,text,true,,112273,117,97,97,1154,0,0
1516734860346,1203,HTTP Request,200,OK,Thread Group 1-18,text,true,,112273,117,97,97,442,0,0
1516734860527,1030,HTTP Request,200,OK,Thread Group 1-11,text,true,,112272,117,97,97,470,0,106
1516734860309,1253,HTTP Request,200,OK,Thread Group 1-7,text,true,,112273,117,97,97,467,0,105
1516734860771,797,HTTP Request,200,OK,Thread Group 1-17,text,true,,112273,117,97,97,456,0,0
1516734860488,1081,HTTP Request,200,OK,Thread Group 1-60,text,true,,112271,117,97,97,360,0,0
1516734860671,913,HTTP Request,200,OK,Thread Group 1-28,text,true,,112271,117,97,97,374,0,0
1516734860479,1110,HTTP Request,200,OK,Thread Group 1-10,text,true,,112273,117,97,97,393,0,0
1516734860811,782,HTTP Request,200,OK,Thread Group 1-71,text,true,,112273,117,97,97,374,0,0
1516734860829,771,HTTP Request,200,OK,Thread Group 1-84,text,true,,112273,117,97,97,411,0,0
1516734860237,1374,HTTP Request,200,OK,Thread Group 1-42,text,true,,112273,117,97,97,396,0,0
1516734860853,761,HTTP Request,200,OK,Thread Group 1-50,text,true,,112273,117,97,97,425,0,0
1516734860650,964,HTTP Request,200,OK,Thread Group 1-93,text,true,,112271,117,97,97,338,0,0
1516734860418,1209,HTTP Request,200,OK,Thread Group 1-32,text,true,,112273,117,97,97,490,0,0
1516734860389,1252,HTTP Request,200,OK,Thread Group 1-31,text,true,,112271,117,97,97,369,0,0
1516734860312,1337,HTTP Request,200,OK,Thread Group 1-43,text,true,,112273,117,97,97,477,0,0
1516734860636,1018,HTTP Request,200,OK,Thread Group 1-88,text,true,,112273,117,97,97,396,0,0
1516734860310,1346,HTTP Request,200,OK,Thread Group 1-38,text,true,,112273,117,97,97,349,0,0
1516734860886,772,HTTP Request,200,OK,Thread Group 1-27,text,true,,112273,117,97,97,437,0,0
1516734860469,1197,HTTP Request,200,OK,Thread Group 1-96,text,true,,112273,117,97,97,411,0,0
1516734860555,1116,HTTP Request,200,OK,Thread Group 1-56,text,true,,112273,117,97,97,423,0,0
1516734860843,847,HTTP Request,200,OK,Thread Group 1-76,text,true,,112271,117,97,97,397,0,0
1516734860589,1102,HTTP Request,200,OK,Thread Group 1-62,text,true,,112271,117,97,97,353,0,0
1516734860476,1219,HTTP Request,200,OK,Thread Group 1-13,text,true,,112273,117,97,97,350,0,0
1516734860274,1432,HTTP Request,200,OK,Thread Group 1-72,text,true,,112273,117,97,97,412,0,0
1516734860845,873,HTTP Request,200,OK,Thread Group 1-49,text,true,,112264,117,97,97,352,0,0
1516734860494,1226,HTTP Request,200,OK,Thread Group 1-1,text,true,,112266,117,97,97,639,0,101
1516734860685,1046,HTTP Request,200,OK,Thread Group 1-33,text,true,,112273,117,97,97,353,0,0
1516734860598,1137,HTTP Request,200,OK,Thread Group 1-68,text,true,,112273,117,97,97,470,0,111
1516734860464,1272,HTTP Request,200,OK,Thread Group 1-22,text,true,,112271,117,97,97,463,0,0
1516734860585,1159,HTTP Request,200,OK,Thread Group 1-37,text,true,,112266,117,97,97,444,0,0
1516734860684,1061,HTTP Request,200,OK,Thread Group 1-36,text,true,,112271,117,97,97,381,0,0
1516734860906,844,HTTP Request,200,OK,Thread Group 1-59,text,true,,112273,117,97,97,423,0,0
1516734861177,577,HTTP Request,200,OK,Thread Group 1-8,text,true,,112273,117,97,97,386,0,0
1516734860860,910,HTTP Request,200,OK,Thread Group 1-46,text,true,,112273,117,97,97,472,0,115
1516734860665,1125,HTTP Request,200,OK,Thread Group 1-25,text,true,,112273,117,97,97,523,0,109
1516734860276,1525,HTTP Request,200,OK,Thread Group 1-91,text,true,,112272,117,97,97,378,0,0
1516734860436,1387,HTTP Request,200,OK,Thread Group 1-19,text,true,,112273,117,97,97,500,0,102
1516734861015,828,HTTP Request,200,OK,Thread Group 1-58,text,true,,112265,117,97,97,435,0,0
1516734860531,1337,HTTP Request,200,OK,Thread Group 1-74,text,true,,112266,117,97,97,484,0,0
1516734861075,795,HTTP Request,200,OK,Thread Group 1-66,text,true,,112266,117,97,97,420,0,0
1516734860367,1506,HTTP Request,200,OK,Thread Group 1-67,text,true,,112273,117,97,97,346,0,0
1516734861017,864,HTTP Request,200,OK,Thread Group 1-90,text,true,,112273,117,97,97,431,0,0
1516734860838,1043,HTTP Request,200,OK,Thread Group 1-41,text,true,,112273,117,97,97,470,0,111
1516734860735,1154,HTTP Request,200,OK,Thread Group 1-78,text,true,,112272,117,96,96,387,0,0
1516734860221,1670,HTTP Request,200,OK,Thread Group 1-54,text,true,,112273,117,96,96,1288,0,113
1516734860389,1506,HTTP Request,200,OK,Thread Group 1-65,text,true,,112273,117,96,96,397,0,0
1516734860837,1082,HTTP Request,200,OK,Thread Group 1-73,text,true,,112271,117,96,96,341,0,0
1516734861031,891,HTTP Request,200,OK,Thread Group 1-97,text,true,,112273,117,96,96,500,0,117
1516734860571,1354,HTTP Request,200,OK,Thread Group 1-79,text,true,,112273,117,96,96,375,0,0
1516734861078,852,HTTP Request,200,OK,Thread Group 1-55,text,true,,112272,117,96,96,476,0,116
1516734861074,870,HTTP Request,200,OK,Thread Group 1-24,text,true,,112272,117,95,95,462,0,0
1516734861164,800,HTTP Request,200,OK,Thread Group 1-82,text,true,,112273,117,95,95,420,0,0
1516734860462,1510,HTTP Request,200,OK,Thread Group 1-98,text,true,,112271,117,95,95,449,0,0
1516734861244,730,HTTP Request,200,OK,Thread Group 1-4,text,true,,112266,117,95,95,352,0,0
1516734861126,856,HTTP Request,200,OK,Thread Group 1-69,text,true,,112271,117,94,94,503,0,107
1516734861208,791,HTTP Request,200,OK,Thread Group 1-100,text,true,,112273,117,94,94,372,0,0
1516734861053,953,HTTP Request,200,OK,Thread Group 1-30,text,true,,112273,117,94,94,485,0,0
1516734861214,821,HTTP Request,200,OK,Thread Group 1-35,text,true,,112273,117,94,94,457,0,110
1516734861236,822,HTTP Request,200,OK,Thread Group 1-83,text,true,,112273,117,93,93,426,0,0
1516734861220,862,HTTP Request,200,OK,Thread Group 1-29,text,true,,112273,117,93,93,362,0,0
1516734861307,775,HTTP Request,200,OK,Thread Group 1-16,text,true,,112272,117,93,93,397,0,0
1516734861518,606,HTTP Request,200,OK,Thread Group 1-92,text,true,,112273,117,93,93,408,0,0
1516734860567,1565,HTTP Request,200,OK,Thread Group 1-40,text,true,,112273,117,93,93,483,0,121
1516734861264,868,HTTP Request,200,OK,Thread Group 1-86,text,true,,112272,117,93,93,367,0,0
1516734861486,655,HTTP Request,200,OK,Thread Group 1-39,text,true,,112273,117,93,93,356,0,0
1516734861469,673,HTTP Request,200,OK,Thread Group 1-26,text,true,,112273,117,92,92,360,0,0
1516734861226,980,HTTP Request,200,OK,Thread Group 1-70,text,true,,112264,117,92,92,590,0,250
1516734861483,787,HTTP Request,200,OK,Thread Group 1-81,text,true,,112273,117,92,92,401,0,0
1516734861445,828,HTTP Request,200,OK,Thread Group 1-99,text,true,,112273,117,92,92,394,0,0
1516734861264,1019,HTTP Request,200,OK,Thread Group 1-89,text,true,,112272,117,92,92,566,0,178
1516734861461,832,HTTP Request,200,OK,Thread Group 1-52,text,true,,112273,117,92,92,468,0,104
1516734861484,830,HTTP Request,200,OK,Thread Group 1-61,text,true,,112272,117,92,92,460,0,104
1516734861472,845,HTTP Request,200,OK,Thread Group 1-57,text,true,,112273,117,91,91,383,0,0
1516734861557,761,HTTP Request,200,OK,Thread Group 1-11,text,true,,112273,117,91,91,384,0,0
1516734860761,1560,HTTP Request,200,OK,Thread Group 1-94,text,true,,112272,117,91,91,1156,0,0
1516734861516,859,HTTP Request,200,OK,Thread Group 1-87,text,true,,112273,117,91,91,486,0,107
1516734861479,907,HTTP Request,200,OK,Thread Group 1-20,text,true,,112272,117,91,91,507,0,111
1516734861549,861,HTTP Request,200,OK,Thread Group 1-18,text,true,,112265,117,91,91,438,0,102
1516734861545,872,HTTP Request,200,OK,Thread Group 1-53,text,true,,112273,117,91,91,425,0,0
1516734861490,933,HTTP Request,200,OK,Thread Group 1-2,text,true,,112273,117,91,91,356,0,0
1516734861601,838,HTTP Request,200,OK,Thread Group 1-84,text,true,,112266,117,91,91,458,0,105
1516734861584,866,HTTP Request,200,OK,Thread Group 1-28,text,true,,112273,117,91,91,422,0,0
1516734861499,955,HTTP Request,200,OK,Thread Group 1-14,text,true,,112273,117,91,91,344,0,0
1516734861450,1018,HTTP Request,200,OK,Thread Group 1-63,text,true,,112273,117,90,90,458,0,0
1516734861627,847,HTTP Request,200,OK,Thread Group 1-32,text,true,,112273,117,90,90,459,0,105
1516734861458,1037,HTTP Request,200,OK,Thread Group 1-51,text,true,,112271,117,90,90,389,0,0
1516734861542,970,HTTP Request,200,OK,Thread Group 1-95,text,true,,112273,117,90,90,470,0,98
1516734861488,1042,HTTP Request,200,OK,Thread Group 1-48,text,true,,112273,117,90,90,465,0,109
1516734861656,883,HTTP Request,200,OK,Thread Group 1-38,text,true,,112266,117,89,89,446,0,102
1516734861489,1058,HTTP Request,200,OK,Thread Group 1-80,text,true,,112273,117,89,89,474,0,110
1516734861470,1080,HTTP Request,200,OK,Thread Group 1-75,text,true,,112272,117,89,89,420,0,0
1516734861690,864,HTTP Request,200,OK,Thread Group 1-76,text,true,,112273,117,89,89,396,0,0
1516734861568,990,HTTP Request,200,OK,Thread Group 1-17,text,true,,112271,117,89,89,455,0,106
1516734861593,974,HTTP Request,200,OK,Thread Group 1-71,text,true,,112273,117,89,89,438,0,104
1516734861475,1095,HTTP Request,200,OK,Thread Group 1-85,text,true,,112271,117,89,89,461,0,108
1516734861982,620,HTTP Request,200,OK,Thread Group 1-69,text,true,,112273,117,89,89,359,0,0
1516734861750,854,HTTP Request,200,OK,Thread Group 1-59,text,true,,112266,117,89,89,451,0,108
1516734861735,872,HTTP Request,200,OK,Thread Group 1-68,text,true,,112265,117,89,89,349,0,0
1516734861614,1008,HTTP Request,200,OK,Thread Group 1-50,text,true,,112266,117,89,89,472,0,104
1516734861695,929,HTTP Request,200,OK,Thread Group 1-13,text,true,,112273,117,88,88,504,0,101
1516734861771,858,HTTP Request,200,OK,Thread Group 1-46,text,true,,112273,117,88,88,395,0,0
1516734861611,1020,HTTP Request,200,OK,Thread Group 1-42,text,true,,112273,117,88,88,515,0,107
1516734861535,1102,HTTP Request,200,OK,Thread Group 1-34,text,true,,112271,117,87,87,342,0,0
1516734861720,921,HTTP Request,200,OK,Thread Group 1-1,text,true,,112273,117,87,87,387,0,0
1516734861801,846,HTTP Request,200,OK,Thread Group 1-91,text,true,,112273,117,87,87,476,0,103
1516734861563,1093,HTTP Request,200,OK,Thread Group 1-7,text,true,,112273,117,87,87,404,0,0
1516734861614,1048,HTTP Request,200,OK,Thread Group 1-93,text,true,,112273,117,87,87,496,0,0
1516734861671,1012,HTTP Request,200,OK,Thread Group 1-56,text,true,,112273,117,87,87,459,0,104
1516734861666,1021,HTTP Request,200,OK,Thread Group 1-96,text,true,,112273,117,86,86,467,0,103
1516734861589,1100,HTTP Request,200,OK,Thread Group 1-10,text,true,,112271,117,86,86,447,0,108
1516734861654,1040,HTTP Request,200,OK,Thread Group 1-88,text,true,,112271,117,86,86,507,0,107
1516734861718,978,HTTP Request,200,OK,Thread Group 1-49,text,true,,112273,117,86,86,462,0,104
1516734861641,1061,HTTP Request,200,OK,Thread Group 1-31,text,true,,112272,117,86,86,459,0,102
1516734861519,1189,HTTP Request,200,OK,Thread Group 1-77,text,true,,112273,117,86,86,657,0,102
1516734861569,1139,HTTP Request,200,OK,Thread Group 1-60,text,true,,112273,117,86,86,526,0,108
1516734861658,1053,HTTP Request,200,OK,Thread Group 1-27,text,true,,112273,117,86,86,479,0,100
1516734861746,967,HTTP Request,200,OK,Thread Group 1-36,text,true,,112266,117,85,85,469,0,105
1516734861206,1516,HTTP Request,200,OK,Thread Group 1-6,text,true,,112273,117,85,85,741,0,393
1516734861706,1036,HTTP Request,200,OK,Thread Group 1-72,text,true,,112266,117,85,85,440,0,104
1516734861732,1017,HTTP Request,200,OK,Thread Group 1-33,text,true,,112273,117,85,85,508,0,102
1516734861895,863,HTTP Request,200,OK,Thread Group 1-65,text,true,,112273,117,84,84,494,0,105
1516734861870,899,HTTP Request,200,OK,Thread Group 1-66,text,true,,112272,117,84,84,524,0,103
1516734861925,848,HTTP Request,200,OK,Thread Group 1-79,text,true,,112272,117,84,84,485,0,98
1516734861547,1238,HTTP Request,200,OK,Thread Group 1-45,text,true,,112273,117,84,84,480,0,120
1516734861922,871,HTTP Request,200,OK,Thread Group 1-97,text,true,,112273,117,84,84,375,0,0
1516734861736,1060,HTTP Request,200,OK,Thread Group 1-22,text,true,,112266,117,84,84,481,0,101
1516734861919,877,HTTP Request,200,OK,Thread Group 1-73,text,true,,112273,117,84,84,508,0,103
1516734862133,685,HTTP Request,200,OK,Thread Group 1-86,text,true,,112273,117,83,83,395,0,0
1516734860779,2042,HTTP Request,200,OK,Thread Group 1-3,text,true,,112266,117,83,83,1685,0,1337
1516734861691,1134,HTTP Request,200,OK,Thread Group 1-62,text,true,,112273,117,83,83,555,0,105
1516734861891,937,HTTP Request,200,OK,Thread Group 1-54,text,true,,112273,117,83,83,423,0,0
1516734861499,1334,HTTP Request,200,OK,Thread Group 1-12,text,true,,112271,117,83,83,804,0,394
1516734861972,879,HTTP Request,200,OK,Thread Group 1-98,text,true,,112271,117,83,83,509,0,112
1516734862206,649,HTTP Request,200,OK,Thread Group 1-70,text,true,,112271,117,83,83,380,0,0
1516734861649,1210,HTTP Request,200,OK,Thread Group 1-43,text,true,,112272,117,83,83,485,0,103
1516734861873,986,HTTP Request,200,OK,Thread Group 1-67,text,true,,112273,117,83,83,479,0,100
1516734861506,1360,HTTP Request,200,OK,Thread Group 1-21,text,true,,112272,117,83,83,373,0,0
1516734861881,996,HTTP Request,200,OK,Thread Group 1-90,text,true,,112272,117,82,82,459,0,104
1516734861999,882,HTTP Request,200,OK,Thread Group 1-100,text,true,,112271,117,82,82,498,0,111
1516734861843,1050,HTTP Request,200,OK,Thread Group 1-58,text,true,,112273,117,82,82,524,0,111
1516734861868,1029,HTTP Request,200,OK,Thread Group 1-74,text,true,,112273,117,81,81,487,0,104
1516734862293,608,HTTP Request,200,OK,Thread Group 1-52,text,true,,112271,117,81,81,354,0,0
1516734862006,895,HTTP Request,200,OK,Thread Group 1-30,text,true,,112273,117,81,81,514,0,110
1516734862058,849,HTTP Request,200,OK,Thread Group 1-83,text,true,,112266,117,80,80,478,0,113
1516734861744,1174,HTTP Request,200,OK,Thread Group 1-37,text,true,,112271,117,80,80,486,0,104
1516734862318,611,HTTP Request,200,OK,Thread Group 1-11,text,true,,112273,117,80,80,376,0,0
1516734861964,978,HTTP Request,200,OK,Thread Group 1-82,text,true,,112266,117,80,80,482,0,117
1516734862142,813,HTTP Request,200,OK,Thread Group 1-26,text,true,,112273,117,80,80,489,0,0
1516734861017,1954,HTTP Request,200,OK,Thread Group 1-44,text,true,,112273,117,79,79,865,0,429
1516734862271,703,HTTP Request,200,OK,Thread Group 1-81,text,true,,112272,117,79,79,444,0,0
1516734860698,2281,HTTP Request,200,OK,Thread Group 1-9,text,true,,112273,117,79,79,1535,0,387
1516734862133,865,HTTP Request,200,OK,Thread Group 1-40,text,true,,112272,117,79,79,352,0,0
1516734861823,1180,HTTP Request,200,OK,Thread Group 1-19,text,true,,112273,117,78,78,333,0,0
1516734862375,630,HTTP Request,200,OK,Thread Group 1-87,text,true,,112273,117,77,77,363,0,0
1516734862387,639,HTTP Request,200,OK,Thread Group 1-20,text,true,,112266,117,77,77,367,0,0
1516734862124,909,HTTP Request,200,OK,Thread Group 1-92,text,true,,112272,117,76,76,525,0,118
1516734862439,627,HTTP Request,200,OK,Thread Group 1-84,text,true,,112273,117,76,76,371,0,0
1516734861211,1858,HTTP Request,200,OK,Thread Group 1-5,text,true,,112272,117,76,76,1508,0,1150
1516734862273,811,HTTP Request,200,OK,Thread Group 1-99,text,true,,112273,117,75,75,446,0,0
1516734861489,1611,HTTP Request,200,OK,Thread Group 1-64,text,true,,112273,117,75,75,1156,0,0
1516734862317,789,HTTP Request,200,OK,Thread Group 1-57,text,true,,112273,117,74,74,412,0,0
1516734861889,1232,HTTP Request,200,OK,Thread Group 1-78,text,true,,112272,117,74,74,502,0,111
1516734862423,704,HTTP Request,200,OK,Thread Group 1-2,text,true,,112273,117,74,74,400,0,0
1516734861754,1374,HTTP Request,200,OK,Thread Group 1-8,text,true,,112273,117,74,74,492,0,103
1516734861944,1191,HTTP Request,200,OK,Thread Group 1-24,text,true,,112273,117,74,74,607,0,101
1516734862321,818,HTTP Request,200,OK,Thread Group 1-94,text,true,,112272,117,74,74,452,0,111
1516734862283,867,HTTP Request,200,OK,Thread Group 1-89,text,true,,112266,117,74,74,466,0,0
1516734862474,687,HTTP Request,200,OK,Thread Group 1-32,text,true,,112273,117,73,73,424,0,0
1516734862410,778,HTTP Request,200,OK,Thread Group 1-18,text,true,,112272,117,73,73,400,0,0
1516734862602,615,HTTP Request,200,OK,Thread Group 1-69,text,true,,112273,117,72,72,430,0,0
1516734862604,672,HTTP Request,200,OK,Thread Group 1-59,text,true,,112273,117,71,71,397,0,0
1516734862417,882,HTTP Request,200,OK,Thread Group 1-53,text,true,,112266,117,71,71,492,0,111
1516734862451,896,HTTP Request,200,OK,Thread Group 1-28,text,true,,112271,117,71,71,509,0,113
1516734862647,701,HTTP Request,200,OK,Thread Group 1-91,text,true,,112271,117,71,71,390,0,0
1516734862469,887,HTTP Request,200,OK,Thread Group 1-63,text,true,,112266,117,70,70,450,0,113
1516734862567,792,HTTP Request,200,OK,Thread Group 1-71,text,true,,112266,117,70,70,361,0,0
1516734862512,856,HTTP Request,200,OK,Thread Group 1-95,text,true,,112273,117,70,70,427,0,0
1516734862495,875,HTTP Request,200,OK,Thread Group 1-51,text,true,,112264,117,70,70,463,0,106
1516734862547,825,HTTP Request,200,OK,Thread Group 1-80,text,true,,112271,117,70,70,383,0,0
1516734862773,610,HTTP Request,200,OK,Thread Group 1-79,text,true,,112272,117,69,69,353,0,0
1516734862770,639,HTTP Request,200,OK,Thread Group 1-66,text,true,,112271,117,69,69,371,0,0
1516734862539,870,HTTP Request,200,OK,Thread Group 1-38,text,true,,112273,117,69,69,387,0,0
1516734862694,730,HTTP Request,200,OK,Thread Group 1-88,text,true,,112273,117,69,69,357,0,0
1516734862570,886,HTTP Request,200,OK,Thread Group 1-85,text,true,,112273,117,69,69,372,0,0
1516734862856,604,HTTP Request,200,OK,Thread Group 1-70,text,true,,112271,117,68,68,394,0,0
1516734862554,912,HTTP Request,200,OK,Thread Group 1-76,text,true,,112265,117,68,68,456,0,102
1516734862629,839,HTTP Request,200,OK,Thread Group 1-46,text,true,,112272,117,68,68,430,0,0
1516734862696,785,HTTP Request,200,OK,Thread Group 1-49,text,true,,112273,117,67,67,376,0,0
1516734862687,795,HTTP Request,200,OK,Thread Group 1-96,text,true,,112273,117,67,67,414,0,0
1516734862708,779,HTTP Request,200,OK,Thread Group 1-77,text,true,,112273,117,67,67,351,0,0
1516734862662,829,HTTP Request,200,OK,Thread Group 1-93,text,true,,112266,117,67,67,447,0,109
1516734862624,875,HTTP Request,200,OK,Thread Group 1-13,text,true,,112273,117,67,67,419,0,0
1516734862550,962,HTTP Request,200,OK,Thread Group 1-75,text,true,,112273,117,67,67,478,0,115
1516734861790,1728,HTTP Request,200,OK,Thread Group 1-25,text,true,,112273,117,67,67,1158,0,0
1516734862638,882,HTTP Request,200,OK,Thread Group 1-34,text,true,,112273,117,67,67,494,0,110
1516734862083,1437,HTTP Request,200,OK,Thread Group 1-16,text,true,,112273,117,66,66,482,0,113
1516734862656,867,HTTP Request,200,OK,Thread Group 1-7,text,true,,112273,117,65,65,495,0,106
1516734862759,786,HTTP Request,200,OK,Thread Group 1-65,text,true,,112273,117,64,64,368,0,0
1516734862796,750,HTTP Request,200,OK,Thread Group 1-73,text,true,,112271,117,64,64,397,0,0
1516734862851,706,HTTP Request,200,OK,Thread Group 1-98,text,true,,112271,117,64,64,350,0,0
1516734862881,680,HTTP Request,200,OK,Thread Group 1-100,text,true,,112273,117,64,64,400,0,0
1516734862902,661,HTTP Request,200,OK,Thread Group 1-52,text,true,,112266,117,63,63,434,0,0
1516734863006,572,HTTP Request,200,OK,Thread Group 1-87,text,true,,112273,117,62,62,375,0,0
1516734862793,814,HTTP Request,200,OK,Thread Group 1-97,text,true,,112273,117,61,61,419,0,0
1516734862641,968,HTTP Request,200,OK,Thread Group 1-1,text,true,,112272,117,61,61,478,0,106
1516734862877,737,HTTP Request,200,OK,Thread Group 1-90,text,true,,112273,117,61,61,376,0,0
1516734862713,907,HTTP Request,200,OK,Thread Group 1-36,text,true,,112273,117,61,61,385,0,0
1516734863066,562,HTTP Request,200,OK,Thread Group 1-84,text,true,,112273,117,61,61,371,0,0
1516734862702,930,HTTP Request,200,OK,Thread Group 1-31,text,true,,112271,117,61,61,353,0,0
1516734862558,1078,HTTP Request,200,OK,Thread Group 1-17,text,true,,112272,117,61,61,415,0,0
1516734862833,828,HTTP Request,200,OK,Thread Group 1-12,text,true,,112271,117,60,60,384,0,0
1516734863033,635,HTTP Request,200,OK,Thread Group 1-92,text,true,,112272,117,60,60,363,0,0
1516734862607,1063,HTTP Request,200,OK,Thread Group 1-68,text,true,,112271,117,59,59,517,0,113
1516734862918,758,HTTP Request,200,OK,Thread Group 1-37,text,true,,112273,117,59,59,401,0,0
1516734862897,784,HTTP Request,200,OK,Thread Group 1-74,text,true,,112273,117,59,59,427,0,0
1516734862723,964,HTTP Request,200,OK,Thread Group 1-6,text,true,,112271,117,59,59,362,0,0
1516734862907,781,HTTP Request,200,OK,Thread Group 1-83,text,true,,112273,117,59,59,427,0,0
1516734862821,870,HTTP Request,200,OK,Thread Group 1-3,text,true,,112273,117,59,59,515,0,102
1516734862818,880,HTTP Request,200,OK,Thread Group 1-86,text,true,,112272,117,58,58,508,0,105
1516734862943,775,HTTP Request,200,OK,Thread Group 1-82,text,true,,112273,117,58,58,401,0,0
1516734862825,898,HTTP Request,200,OK,Thread Group 1-62,text,true,,112273,117,58,58,395,0,0
1516734862859,874,HTTP Request,200,OK,Thread Group 1-67,text,true,,112272,117,58,58,363,0,0
1516734863139,622,HTTP Request,200,OK,Thread Group 1-94,text,true,,112273,117,58,58,358,0,0
1516734863162,601,HTTP Request,200,OK,Thread Group 1-32,text,true,,112273,117,58,58,412,0,0
1516734862828,940,HTTP Request,200,OK,Thread Group 1-54,text,true,,112273,117,57,57,541,0,122
1516734862786,983,HTTP Request,200,OK,Thread Group 1-45,text,true,,112271,117,57,57,391,0,0
1516734862689,1100,HTTP Request,200,OK,Thread Group 1-10,text,true,,112273,117,56,56,414,0,0
1516734862929,865,HTTP Request,200,OK,Thread Group 1-11,text,true,,112273,117,55,55,482,0,110
1516734862742,1074,HTTP Request,200,OK,Thread Group 1-72,text,true,,112271,117,55,55,393,0,0
1516734862974,857,HTTP Request,200,OK,Thread Group 1-81,text,true,,112271,117,55,55,494,0,104
1516734863135,698,HTTP Request,200,OK,Thread Group 1-24,text,true,,112272,117,55,55,363,0,0
1516734862979,857,HTTP Request,200,OK,Thread Group 1-9,text,true,,112272,117,54,54,474,0,112
1516734863276,585,HTTP Request,200,OK,Thread Group 1-59,text,true,,112273,117,53,53,390,0,0
1516734863128,768,HTTP Request,200,OK,Thread Group 1-8,text,true,,112272,117,52,52,359,0,0
1516734862859,1048,HTTP Request,200,OK,Thread Group 1-43,text,true,,112272,117,52,52,370,0,0
1516734863085,830,HTTP Request,200,OK,Thread Group 1-99,text,true,,112271,117,52,52,462,0,108
1516734862082,1865,HTTP Request,200,OK,Thread Group 1-29,text,true,,112272,117,52,52,1492,0,1112
1516734863347,624,HTTP Request,200,OK,Thread Group 1-28,text,true,,112272,117,52,52,360,0,0
1516734863383,588,HTTP Request,200,OK,Thread Group 1-79,text,true,,112273,117,52,52,410,0,0
1516734863107,878,HTTP Request,200,OK,Thread Group 1-57,text,true,,112271,117,51,51,500,0,111
1516734863121,871,HTTP Request,200,OK,Thread Group 1-78,text,true,,112273,117,51,51,418,0,0
1516734863409,596,HTTP Request,200,OK,Thread Group 1-66,text,true,,112272,117,51,51,422,0,0
1516734863127,886,HTTP Request,200,OK,Thread Group 1-2,text,true,,112273,117,51,51,524,0,108
1516734862971,1066,HTTP Request,200,OK,Thread Group 1-44,text,true,,112273,117,50,50,381,0,0
1516734863299,765,HTTP Request,200,OK,Thread Group 1-53,text,true,,112273,117,50,50,393,0,0
1516734863424,652,HTTP Request,200,OK,Thread Group 1-88,text,true,,112271,117,50,50,405,0,0
1516734863356,728,HTTP Request,200,OK,Thread Group 1-63,text,true,,112265,117,49,49,338,0,0
1516734863370,718,HTTP Request,200,OK,Thread Group 1-51,text,true,,112273,117,49,49,344,0,0
1516734863368,746,HTTP Request,200,OK,Thread Group 1-95,text,true,,112265,117,49,49,399,0,0
1516734863491,624,HTTP Request,200,OK,Thread Group 1-93,text,true,,112266,117,48,48,353,0,0
1516734863360,766,HTTP Request,200,OK,Thread Group 1-71,text,true,,112273,117,48,48,432,0,0
1516734863482,648,HTTP Request,200,OK,Thread Group 1-96,text,true,,112273,117,47,47,395,0,0
1516734863487,682,HTTP Request,200,OK,Thread Group 1-77,text,true,,112272,117,47,47,419,0,0
1516734863481,698,HTTP Request,200,OK,Thread Group 1-49,text,true,,112273,117,46,46,442,0,0
1516734863466,730,HTTP Request,200,OK,Thread Group 1-76,text,true,,112272,117,46,46,351,0,0
1516734863409,796,HTTP Request,200,OK,Thread Group 1-38,text,true,,112273,117,45,45,420,0,0
1516734863546,694,HTTP Request,200,OK,Thread Group 1-73,text,true,,112272,117,45,45,420,0,0
1516734863500,757,HTTP Request,200,OK,Thread Group 1-13,text,true,,112271,117,45,45,397,0,0
1516734863512,787,HTTP Request,200,OK,Thread Group 1-75,text,true,,112273,117,44,44,354,0,0
1516734863676,636,HTTP Request,200,OK,Thread Group 1-37,text,true,,112273,117,44,44,376,0,0
1516734863615,698,HTTP Request,200,OK,Thread Group 1-90,text,true,,112273,117,43,43,438,0,0
1516734863461,854,HTTP Request,200,OK,Thread Group 1-70,text,true,,112273,117,42,42,488,0,105
1516734863545,783,HTTP Request,200,OK,Thread Group 1-65,text,true,,112273,117,42,42,427,0,0
1516734863681,648,HTTP Request,200,OK,Thread Group 1-74,text,true,,112271,117,42,42,397,0,0
1516734863761,576,HTTP Request,200,OK,Thread Group 1-94,text,true,,112273,117,41,41,389,0,0
1516734863609,744,HTTP Request,200,OK,Thread Group 1-1,text,true,,112273,117,41,41,360,0,0
1516734863718,644,HTTP Request,200,OK,Thread Group 1-82,text,true,,112271,117,41,41,377,0,0
1516734863688,677,HTTP Request,200,OK,Thread Group 1-83,text,true,,112273,117,40,40,402,0,0
1516734863518,850,HTTP Request,200,OK,Thread Group 1-25,text,true,,112273,117,39,39,481,0,105
1516734863620,751,HTTP Request,200,OK,Thread Group 1-36,text,true,,112273,117,39,39,434,0,0
1516734863670,707,HTTP Request,200,OK,Thread Group 1-68,text,true,,112266,117,39,39,337,0,0
1516734863794,610,HTTP Request,200,OK,Thread Group 1-11,text,true,,112273,117,38,38,340,0,0
1516734863768,638,HTTP Request,200,OK,Thread Group 1-54,text,true,,112266,117,38,38,361,0,0
1516734863557,861,HTTP Request,200,OK,Thread Group 1-98,text,true,,112266,117,38,38,591,0,0
1516734863628,792,HTTP Request,200,OK,Thread Group 1-84,text,true,,112272,117,37,37,471,0,104
1516734862708,1712,HTTP Request,200,OK,Thread Group 1-60,text,true,,112273,117,37,37,1169,0,0
1516734863632,825,HTTP Request,200,OK,Thread Group 1-31,text,true,,112273,117,35,35,475,0,0
1516734863607,866,HTTP Request,200,OK,Thread Group 1-97,text,true,,112273,117,34,34,502,0,107
1516734863733,748,HTTP Request,200,OK,Thread Group 1-67,text,true,,112271,117,33,33,451,0,0
1516734863661,828,HTTP Request,200,OK,Thread Group 1-12,text,true,,112273,117,32,32,463,0,105
1516734863831,670,HTTP Request,200,OK,Thread Group 1-81,text,true,,112273,117,31,31,415,0,0
1516734863915,621,HTTP Request,200,OK,Thread Group 1-99,text,true,,112273,117,30,30,359,0,0
1516734863948,659,HTTP Request,200,OK,Thread Group 1-29,text,true,,112271,117,29,29,398,0,0
1516734863723,890,HTTP Request,200,OK,Thread Group 1-62,text,true,,112272,117,28,28,517,0,110
1516734863816,841,HTTP Request,200,OK,Thread Group 1-72,text,true,,112272,117,27,27,472,0,108
1516734863985,696,HTTP Request,200,OK,Thread Group 1-57,text,true,,112264,117,27,27,429,0,0
1516734864115,573,HTTP Request,200,OK,Thread Group 1-93,text,true,,112273,117,26,26,385,0,0
1516734864088,624,HTTP Request,200,OK,Thread Group 1-51,text,true,,112266,117,26,26,378,0,0
1516734864064,668,HTTP Request,200,OK,Thread Group 1-53,text,true,,112273,117,25,25,412,0,0
1516734863896,840,HTTP Request,200,OK,Thread Group 1-8,text,true,,112273,117,24,24,464,0,109
1516734864084,666,HTTP Request,200,OK,Thread Group 1-63,text,true,,112273,117,23,23,399,0,0
1516734863907,851,HTTP Request,200,OK,Thread Group 1-43,text,true,,112272,117,22,22,496,0,103
1516734863687,1085,HTTP Request,200,OK,Thread Group 1-6,text,true,,112271,117,21,21,707,0,308
1516734863971,844,HTTP Request,200,OK,Thread Group 1-79,text,true,,112272,117,20,20,454,0,111
1516734863992,864,HTTP Request,200,OK,Thread Group 1-78,text,true,,112272,117,19,19,500,0,118
1516734864006,863,HTTP Request,200,OK,Thread Group 1-66,text,true,,112273,117,18,18,496,0,110
1516734864037,842,HTTP Request,200,OK,Thread Group 1-44,text,true,,112273,117,17,17,479,0,108
1516734864316,602,HTTP Request,200,OK,Thread Group 1-70,text,true,,112264,117,17,17,340,0,0
1516734864130,835,HTTP Request,200,OK,Thread Group 1-96,text,true,,112272,117,16,16,485,0,107
1516734864299,669,HTTP Request,200,OK,Thread Group 1-75,text,true,,112273,117,15,15,395,0,0
1516734864368,601,HTTP Request,200,OK,Thread Group 1-25,text,true,,112273,117,15,15,348,0,0
1516734864406,582,HTTP Request,200,OK,Thread Group 1-54,text,true,,112264,117,14,14,380,0,0
1516734864205,823,HTTP Request,200,OK,Thread Group 1-38,text,true,,112273,117,14,14,458,0,106
1516734864354,676,HTTP Request,200,OK,Thread Group 1-1,text,true,,112273,117,13,13,423,0,0
1516734864180,860,HTTP Request,200,OK,Thread Group 1-49,text,true,,112273,117,12,12,493,0,105
1516734864240,848,HTTP Request,200,OK,Thread Group 1-73,text,true,,112271,117,11,11,472,0,116
1516734863698,1420,HTTP Request,200,OK,Thread Group 1-86,text,true,,112273,117,10,10,1153,0,0
1516734864337,825,HTTP Request,200,OK,Thread Group 1-94,text,true,,112273,117,9,9,466,0,105
1516734864371,856,HTTP Request,200,OK,Thread Group 1-36,text,true,,112271,117,8,8,508,0,100
1516734864657,660,HTTP Request,200,OK,Thread Group 1-72,text,true,,112273,117,7,7,393,0,0
1516734864329,1162,HTTP Request,200,OK,Thread Group 1-65,text,true,,112272,117,7,7,795,0,386
1516734864879,622,HTTP Request,200,OK,Thread Group 1-44,text,true,,112273,117,6,6,361,0,0
1516734864688,846,HTTP Request,200,OK,Thread Group 1-93,text,true,,112273,117,5,5,465,0,111
1516734864969,595,HTTP Request,200,OK,Thread Group 1-25,text,true,,112273,117,4,4,416,0,0
1516734864404,1365,HTTP Request,200,OK,Thread Group 1-11,text,true,,112273,117,3,3,1137,0,0
1516734864988,866,HTTP Request,200,OK,Thread Group 1-54,text,true,,112266,117,2,2,476,0,114
1516734865319,589,HTTP Request,200,OK,Thread Group 1-72,text,true,,112273,117,1,1,403,0,0
